-- phpMyAdmin SQL Dump
-- version 4.4.15.10
-- https://www.phpmyadmin.net
--
-- Хост: 127.0.0.1:3311
-- Время создания: Дек 13 2024 г., 16:43
-- Версия сервера: 10.5.22-MariaDB-1:10.5.22+maria~ubu2004
-- Версия PHP: 5.4.16

SET SQL_MODE = "NO_AUTO_VALUE_ON_ZERO";
SET time_zone = "+00:00";


/*!40101 SET @OLD_CHARACTER_SET_CLIENT=@@CHARACTER_SET_CLIENT */;
/*!40101 SET @OLD_CHARACTER_SET_RESULTS=@@CHARACTER_SET_RESULTS */;
/*!40101 SET @OLD_COLLATION_CONNECTION=@@COLLATION_CONNECTION */;
/*!40101 SET NAMES utf8mb4 */;

--
-- База данных: `cl371395_db10`
--

-- --------------------------------------------------------

--
-- Структура таблицы `blends`
--

CREATE TABLE IF NOT EXISTS `blends` (
  `id` int(11) NOT NULL,
  `blend` varchar(30) NOT NULL
) ENGINE=InnoDB AUTO_INCREMENT=4 DEFAULT CHARSET=utf8mb4 COLLATE=utf8mb4_general_ci ROW_FORMAT=COMPACT;

--
-- Дамп данных таблицы `blends`
--

INSERT INTO `blends` (`id`, `blend`) VALUES
(1, 'Арабика + Робуста'),
(2, 'Арабика 100%'),
(3, 'Робуста');

-- --------------------------------------------------------

--
-- Структура таблицы `brands`
--

CREATE TABLE IF NOT EXISTS `brands` (
  `id` int(11) NOT NULL,
  `name` varchar(50) NOT NULL
) ENGINE=InnoDB AUTO_INCREMENT=23 DEFAULT CHARSET=utf8mb4 COLLATE=utf8mb4_unicode_ci;

--
-- Дамп данных таблицы `brands`
--

INSERT INTO `brands` (`id`, `name`) VALUES
(1, 'Egoiste'),
(2, 'Bushido'),
(3, 'Lavazza'),
(4, 'Jacobs'),
(5, 'Illy'),
(6, 'Kimbo'),
(7, 'Julius Meinl'),
(8, 'Черная карта'),
(9, 'Fresco'),
(10, 'Poetti (ex-PAULIG)'),
(11, 'Jardin'),
(12, 'Carte Noire'),
(13, 'Monarch'),
(14, 'Жокей'),
(15, 'Lebo'),
(16, 'Movenpick'),
(17, 'RIOBA'),
(18, 'Ambassador'),
(19, 'Carraro'),
(20, 'Hausbrandt'),
(21, 'Macondo'),
(22, 'Davidoff');

-- --------------------------------------------------------

--
-- Структура таблицы `category`
--

CREATE TABLE IF NOT EXISTS `category` (
  `id` int(11) NOT NULL,
  `name` varchar(40) DEFAULT NULL
) ENGINE=InnoDB AUTO_INCREMENT=3 DEFAULT CHARSET=utf8mb4 COLLATE=utf8mb4_unicode_ci;

--
-- Дамп данных таблицы `category`
--

INSERT INTO `category` (`id`, `name`) VALUES
(1, 'Кофе в зернах'),
(2, 'Кофе молотый');

-- --------------------------------------------------------

--
-- Структура таблицы `chat_orders`
--

CREATE TABLE IF NOT EXISTS `chat_orders` (
  `id` int(11) NOT NULL,
  `name` varchar(50) NOT NULL,
  `phone` varchar(20) NOT NULL,
  `adress` varchar(500) NOT NULL,
  `product` varchar(150) NOT NULL,
  `product_id` int(5) NOT NULL,
  `price` int(7) NOT NULL,
  `when_pay` varchar(20) NOT NULL,
  `confirmation` varchar(20) NOT NULL,
  `order_date` date NOT NULL DEFAULT current_timestamp()
) ENGINE=InnoDB AUTO_INCREMENT=7 DEFAULT CHARSET=utf8mb4 COLLATE=utf8mb4_general_ci;

--
-- Дамп данных таблицы `chat_orders`
--

INSERT INTO `chat_orders` (`id`, `name`, `phone`, `adress`, `product`, `product_id`, `price`, `when_pay`, `confirmation`, `order_date`) VALUES
(6, 'не указано', '+7 (111) 111-11-11', 'Временно не работает', 'Julius Meinl Юбилейный, 500 г', 32, 850, 'Сейчас', 'Временно не работает', '2024-10-03');

-- --------------------------------------------------------

--
-- Структура таблицы `clients_email_subscribe`
--

CREATE TABLE IF NOT EXISTS `clients_email_subscribe` (
  `id` int(11) NOT NULL,
  `name` varchar(100) NOT NULL,
  `email` int(100) NOT NULL
) ENGINE=InnoDB DEFAULT CHARSET=utf8mb4 COLLATE=utf8mb4_general_ci;

-- --------------------------------------------------------

--
-- Структура таблицы `client_contacts_messages`
--

CREATE TABLE IF NOT EXISTS `client_contacts_messages` (
  `id` int(11) NOT NULL,
  `name` varchar(150) DEFAULT NULL,
  `email` varchar(50) DEFAULT NULL,
  `phone` varchar(30) DEFAULT NULL,
  `text` text DEFAULT NULL,
  `communication_method` varchar(50) DEFAULT NULL
) ENGINE=InnoDB AUTO_INCREMENT=14 DEFAULT CHARSET=utf8mb4 COLLATE=utf8mb4_general_ci;

-- --------------------------------------------------------

--
-- Структура таблицы `client_orders`
--

CREATE TABLE IF NOT EXISTS `client_orders` (
  `id` int(11) NOT NULL,
  `name` varchar(150) DEFAULT NULL,
  `email` varchar(100) DEFAULT NULL,
  `phone` varchar(20) DEFAULT NULL,
  `comment` text DEFAULT NULL,
  `paymethod` varchar(50) DEFAULT '' COMMENT '1 - Наличными или переводом при получении; 2 - сейчас на сайте',
  `order` text NOT NULL,
  `final_price` int(10) NOT NULL,
  `items` text NOT NULL,
  `order_date` date NOT NULL DEFAULT current_timestamp()
) ENGINE=InnoDB AUTO_INCREMENT=21 DEFAULT CHARSET=utf8mb4 COLLATE=utf8mb4_general_ci;

--
-- Дамп данных таблицы `client_orders`
--

INSERT INTO `client_orders` (`id`, `name`, `email`, `phone`, `comment`, `paymethod`, `order`, `final_price`, `items`, `order_date`) VALUES
(17, 'tests', 'tst@mail.ru', '+7 (555) 555-55-55', '55555555', 'Сейчас на сайте', '[{"id":"45","amount":1,"price":1399}]', 1399, 'Кофе в зернах Fresco Blend, 1 кг, кол-во: 1, цена: 1 399; ', '2024-07-12'),
(18, 'test', 'не указано', '+7 (444) 444-44-44', 'не указано', 'Наличными или переводом при получении', '[{"id":"45","amount":1,"price":1399}]', 1399, 'Кофе в зернах Fresco Blend, 1 кг, кол-во: 1, цена: 1 399; ', '2024-07-12'),
(19, 'test', 'не указано', '+7 (444) 444-44-44', 'не указано', 'Наличными или переводом при получении', '[{"id":"45","amount":1,"price":1399}]', 1399, 'Кофе в зернах Fresco Blend, 1 кг, кол-во: 1, цена: 1 399; ', '2024-07-12'),
(20, 'test', 'не указано', '+7 (444) 444-44-44', 'не указано', 'Наличными или переводом при получении', '[{"id":"36","amount":1,"price":1899},{"id":"1","amount":1,"price":1999},{"id":"17","amount":1,"price":1999}]', 5897, 'Кофе в зернах Egoiste Arabica Premium Noir, 1 кг, кол-во: 1, цена: 1 999; Кофе в зернах Bushido Red Katana, 1 кг, кол-во: 1, цена: 1 999; Кофе в зернах Julius Meinl Юбилейный классическая коллекция, 1 кг, кол-во: 1, цена: 1 899; ', '2024-07-18');

-- --------------------------------------------------------

--
-- Структура таблицы `client_requests`
--

CREATE TABLE IF NOT EXISTS `client_requests` (
  `id` int(11) NOT NULL,
  `name` varchar(150) DEFAULT '',
  `email` varchar(50) DEFAULT '',
  `text` text DEFAULT ''
) ENGINE=InnoDB AUTO_INCREMENT=18 DEFAULT CHARSET=utf8mb4 COLLATE=utf8mb4_general_ci;

-- --------------------------------------------------------

--
-- Структура таблицы `countries`
--

CREATE TABLE IF NOT EXISTS `countries` (
  `id` int(11) NOT NULL,
  `name` varchar(40) DEFAULT NULL
) ENGINE=InnoDB AUTO_INCREMENT=6 DEFAULT CHARSET=utf8mb4 COLLATE=utf8mb4_unicode_ci;

--
-- Дамп данных таблицы `countries`
--

INSERT INTO `countries` (`id`, `name`) VALUES
(1, 'Россия'),
(2, 'Германия'),
(3, 'Нидерланды'),
(4, 'Италия'),
(5, 'Австрия');

-- --------------------------------------------------------

--
-- Структура таблицы `goal`
--

CREATE TABLE IF NOT EXISTS `goal` (
  `id` int(11) NOT NULL,
  `value` tinyint(1) NOT NULL
) ENGINE=InnoDB AUTO_INCREMENT=5001 DEFAULT CHARSET=utf8mb4 COLLATE=utf8mb4_general_ci;

--
-- Дамп данных таблицы `goal`
--

INSERT INTO `goal` (`id`, `value`) VALUES
(1, 1),
(2, 1),
(3, 1),
(4, 1),
(5, 1),
(6, 1),
(7, 1),
(8, 1),
(9, 1),
(10, 1),
(11, 1),
(12, 1),
(13, 1),
(14, 1),
(15, 1),
(16, 1),
(17, 1),
(18, 1),
(19, 1),
(20, 1),
(21, 1),
(22, 1),
(23, 1),
(24, 1),
(25, 1),
(26, 1),
(27, 1),
(28, 1),
(29, 1),
(30, 1),
(31, 1),
(32, 1),
(33, 1),
(34, 1),
(35, 1),
(36, 1),
(37, 1),
(38, 1),
(39, 1),
(40, 1),
(41, 1),
(42, 1),
(43, 1),
(44, 1),
(45, 1),
(46, 1),
(47, 1),
(48, 1),
(49, 1),
(50, 1),
(51, 1),
(52, 1),
(53, 1),
(54, 1),
(55, 1),
(56, 1),
(57, 1),
(58, 1),
(59, 1),
(60, 1),
(61, 1),
(62, 1),
(63, 1),
(64, 1),
(65, 1),
(66, 1),
(67, 1),
(68, 1),
(69, 1),
(70, 1),
(71, 1),
(72, 1),
(73, 1),
(74, 1),
(75, 1),
(76, 1),
(77, 1),
(78, 1),
(79, 1),
(80, 1),
(81, 1),
(82, 1),
(83, 1),
(84, 1),
(85, 1),
(86, 1),
(87, 1),
(88, 1),
(89, 1),
(90, 1),
(91, 1),
(92, 1),
(93, 1),
(94, 1),
(95, 1),
(96, 1),
(97, 1),
(98, 1),
(99, 1),
(100, 1),
(101, 1),
(102, 1),
(103, 1),
(104, 1),
(105, 1),
(106, 1),
(107, 1),
(108, 1),
(109, 1),
(110, 1),
(111, 1),
(112, 1),
(113, 1),
(114, 1),
(115, 1),
(116, 1),
(117, 1),
(118, 1),
(119, 1),
(120, 1),
(121, 1),
(122, 1),
(123, 1),
(124, 1),
(125, 1),
(126, 1),
(127, 1),
(128, 1),
(129, 1),
(130, 1),
(131, 1),
(132, 1),
(133, 1),
(134, 1),
(135, 1),
(136, 1),
(137, 1),
(138, 1),
(139, 1),
(140, 1),
(141, 1),
(142, 1),
(143, 1),
(144, 1),
(145, 1),
(146, 1),
(147, 1),
(148, 1),
(149, 1),
(150, 1),
(151, 1),
(152, 1),
(153, 1),
(154, 1),
(155, 1),
(156, 1),
(157, 1),
(158, 1),
(159, 1),
(160, 1),
(161, 1),
(162, 1),
(163, 1),
(164, 1),
(165, 1),
(166, 1),
(167, 1),
(168, 1),
(169, 1),
(170, 1),
(171, 1),
(172, 0),
(173, 0),
(174, 0),
(175, 0),
(176, 0),
(177, 0),
(178, 0),
(179, 0),
(180, 0),
(181, 0),
(182, 0),
(183, 0),
(184, 0),
(185, 0),
(186, 0),
(187, 0),
(188, 0),
(189, 0),
(190, 0),
(191, 0),
(192, 0),
(193, 0),
(194, 0),
(195, 0),
(196, 0),
(197, 0),
(198, 0),
(199, 0),
(200, 0),
(201, 0),
(202, 0),
(203, 0),
(204, 0),
(205, 0),
(206, 0),
(207, 0),
(208, 0),
(209, 0),
(210, 0),
(211, 0),
(212, 0),
(213, 0),
(214, 0),
(215, 0),
(216, 0),
(217, 0),
(218, 0),
(219, 0),
(220, 0),
(221, 0),
(222, 0),
(223, 0),
(224, 0),
(225, 0),
(226, 0),
(227, 0),
(228, 0),
(229, 0),
(230, 0),
(231, 0),
(232, 0),
(233, 0),
(234, 0),
(235, 0),
(236, 0),
(237, 0),
(238, 0),
(239, 0),
(240, 0),
(241, 0),
(242, 0),
(243, 0),
(244, 0),
(245, 0),
(246, 0),
(247, 0),
(248, 0),
(249, 0),
(250, 0),
(251, 0),
(252, 0),
(253, 0),
(254, 0),
(255, 0),
(256, 0),
(257, 0),
(258, 0),
(259, 0),
(260, 0),
(261, 0),
(262, 0),
(263, 0),
(264, 0),
(265, 0),
(266, 0),
(267, 0),
(268, 0),
(269, 0),
(270, 0),
(271, 0),
(272, 0),
(273, 0),
(274, 0),
(275, 0),
(276, 0),
(277, 0),
(278, 0),
(279, 0),
(280, 0),
(281, 0),
(282, 0),
(283, 0),
(284, 0),
(285, 0),
(286, 0),
(287, 0),
(288, 0),
(289, 0),
(290, 0),
(291, 0),
(292, 0),
(293, 0),
(294, 0),
(295, 0),
(296, 0),
(297, 0),
(298, 0),
(299, 0),
(300, 0),
(301, 0),
(302, 0),
(303, 0),
(304, 0),
(305, 0),
(306, 0),
(307, 0),
(308, 0),
(309, 0),
(310, 0),
(311, 0),
(312, 0),
(313, 0),
(314, 0),
(315, 0),
(316, 0),
(317, 0),
(318, 0),
(319, 0),
(320, 0),
(321, 0),
(322, 0),
(323, 0),
(324, 0),
(325, 0),
(326, 0),
(327, 0),
(328, 0),
(329, 0),
(330, 0),
(331, 0),
(332, 0),
(333, 0),
(334, 0),
(335, 0),
(336, 0),
(337, 0),
(338, 0),
(339, 0),
(340, 0),
(341, 0),
(342, 0),
(343, 0),
(344, 0),
(345, 0),
(346, 0),
(347, 0),
(348, 0),
(349, 0),
(350, 0),
(351, 0),
(352, 0),
(353, 0),
(354, 0),
(355, 0),
(356, 0),
(357, 0),
(358, 0),
(359, 0),
(360, 0),
(361, 0),
(362, 0),
(363, 0),
(364, 0),
(365, 0),
(366, 0),
(367, 0),
(368, 0),
(369, 0),
(370, 0),
(371, 0),
(372, 0),
(373, 0),
(374, 0),
(375, 0),
(376, 0),
(377, 0),
(378, 0),
(379, 0),
(380, 0),
(381, 0),
(382, 0),
(383, 0),
(384, 0),
(385, 0),
(386, 0),
(387, 0),
(388, 0),
(389, 0),
(390, 0),
(391, 0),
(392, 0),
(393, 0),
(394, 0),
(395, 0),
(396, 0),
(397, 0),
(398, 0),
(399, 0),
(400, 0),
(401, 0),
(402, 0),
(403, 0),
(404, 0),
(405, 0),
(406, 0),
(407, 0),
(408, 0),
(409, 0),
(410, 0),
(411, 0),
(412, 0),
(413, 0),
(414, 0),
(415, 0),
(416, 0),
(417, 0),
(418, 0),
(419, 0),
(420, 0),
(421, 0),
(422, 0),
(423, 0),
(424, 0),
(425, 0),
(426, 0),
(427, 0),
(428, 0),
(429, 0),
(430, 0),
(431, 0),
(432, 0),
(433, 0),
(434, 0),
(435, 0),
(436, 0),
(437, 0),
(438, 0),
(439, 0),
(440, 0),
(441, 0),
(442, 0),
(443, 0),
(444, 0),
(445, 0),
(446, 0),
(447, 0),
(448, 0),
(449, 0),
(450, 0),
(451, 0),
(452, 0),
(453, 0),
(454, 0),
(455, 0),
(456, 0),
(457, 0),
(458, 0),
(459, 0),
(460, 0),
(461, 0),
(462, 0),
(463, 0),
(464, 0),
(465, 0),
(466, 0),
(467, 0),
(468, 0),
(469, 0),
(470, 0),
(471, 0),
(472, 0),
(473, 0),
(474, 0),
(475, 0),
(476, 0),
(477, 0),
(478, 0),
(479, 0),
(480, 0),
(481, 0),
(482, 0),
(483, 0),
(484, 0),
(485, 0),
(486, 0),
(487, 0),
(488, 0),
(489, 0),
(490, 0),
(491, 0),
(492, 0),
(493, 0),
(494, 0),
(495, 0),
(496, 0),
(497, 0),
(498, 0),
(499, 0),
(500, 0),
(501, 0),
(502, 0),
(503, 0),
(504, 0),
(505, 0),
(506, 0),
(507, 0),
(508, 0),
(509, 0),
(510, 0),
(511, 0),
(512, 0),
(513, 0),
(514, 0),
(515, 0),
(516, 0),
(517, 0),
(518, 0),
(519, 0),
(520, 0),
(521, 0),
(522, 0),
(523, 0),
(524, 0),
(525, 0),
(526, 0),
(527, 0),
(528, 0),
(529, 0),
(530, 0),
(531, 0),
(532, 0),
(533, 0),
(534, 0),
(535, 0),
(536, 0),
(537, 0),
(538, 0),
(539, 0),
(540, 0),
(541, 0),
(542, 0),
(543, 0),
(544, 0),
(545, 0),
(546, 0),
(547, 0),
(548, 0),
(549, 0),
(550, 0),
(551, 0),
(552, 0),
(553, 0),
(554, 0),
(555, 0),
(556, 0),
(557, 0),
(558, 0),
(559, 0),
(560, 0),
(561, 0),
(562, 0),
(563, 0),
(564, 0),
(565, 0),
(566, 0),
(567, 0),
(568, 0),
(569, 0),
(570, 0),
(571, 0),
(572, 0),
(573, 0),
(574, 0),
(575, 0),
(576, 0),
(577, 0),
(578, 0),
(579, 0),
(580, 0),
(581, 0),
(582, 0),
(583, 0),
(584, 0),
(585, 0),
(586, 0),
(587, 0),
(588, 0),
(589, 0),
(590, 0),
(591, 0),
(592, 0),
(593, 0),
(594, 0),
(595, 0),
(596, 0),
(597, 0),
(598, 0),
(599, 0),
(600, 0),
(601, 0),
(602, 0),
(603, 0),
(604, 0),
(605, 0),
(606, 0),
(607, 0),
(608, 0),
(609, 0),
(610, 0),
(611, 0),
(612, 0),
(613, 0),
(614, 0),
(615, 0),
(616, 0),
(617, 0),
(618, 0),
(619, 0),
(620, 0),
(621, 0),
(622, 0),
(623, 0),
(624, 0),
(625, 0),
(626, 0),
(627, 0),
(628, 0),
(629, 0),
(630, 0),
(631, 0),
(632, 0),
(633, 0),
(634, 0),
(635, 0),
(636, 0),
(637, 0),
(638, 0),
(639, 0),
(640, 0),
(641, 0),
(642, 0),
(643, 0),
(644, 0),
(645, 0),
(646, 0),
(647, 0),
(648, 0),
(649, 0),
(650, 0),
(651, 0),
(652, 0),
(653, 0),
(654, 0),
(655, 0),
(656, 0),
(657, 0),
(658, 0),
(659, 0),
(660, 0),
(661, 0),
(662, 0),
(663, 0),
(664, 0),
(665, 0),
(666, 0),
(667, 0),
(668, 0),
(669, 0),
(670, 0),
(671, 0),
(672, 0),
(673, 0),
(674, 0),
(675, 0),
(676, 0),
(677, 0),
(678, 0),
(679, 0),
(680, 0),
(681, 0),
(682, 0),
(683, 0),
(684, 0),
(685, 0),
(686, 0),
(687, 0),
(688, 0),
(689, 0),
(690, 0),
(691, 0),
(692, 0),
(693, 0),
(694, 0),
(695, 0),
(696, 0),
(697, 0),
(698, 0),
(699, 0),
(700, 0),
(701, 0),
(702, 0),
(703, 0),
(704, 0),
(705, 0),
(706, 0),
(707, 0),
(708, 0),
(709, 0),
(710, 0),
(711, 0),
(712, 0),
(713, 0),
(714, 0),
(715, 0),
(716, 0),
(717, 0),
(718, 0),
(719, 0),
(720, 0),
(721, 0),
(722, 0),
(723, 0),
(724, 0),
(725, 0),
(726, 0),
(727, 0),
(728, 0),
(729, 0),
(730, 0),
(731, 0),
(732, 0),
(733, 0),
(734, 0),
(735, 0),
(736, 0),
(737, 0),
(738, 0),
(739, 0),
(740, 0),
(741, 0),
(742, 0),
(743, 0),
(744, 0),
(745, 0),
(746, 0),
(747, 0),
(748, 0),
(749, 0),
(750, 0),
(751, 0),
(752, 0),
(753, 0),
(754, 0),
(755, 0),
(756, 0),
(757, 0),
(758, 0),
(759, 0),
(760, 0),
(761, 0),
(762, 0),
(763, 0),
(764, 0),
(765, 0),
(766, 0),
(767, 0),
(768, 0),
(769, 0),
(770, 0),
(771, 0),
(772, 0),
(773, 0),
(774, 0),
(775, 0),
(776, 0),
(777, 0),
(778, 0),
(779, 0),
(780, 0),
(781, 0),
(782, 0),
(783, 0),
(784, 0),
(785, 0),
(786, 0),
(787, 0),
(788, 0),
(789, 0),
(790, 0),
(791, 0),
(792, 0),
(793, 0),
(794, 0),
(795, 0),
(796, 0),
(797, 0),
(798, 0),
(799, 0),
(800, 0),
(801, 0),
(802, 0),
(803, 0),
(804, 0),
(805, 0),
(806, 0),
(807, 0),
(808, 0),
(809, 0),
(810, 0),
(811, 0),
(812, 0),
(813, 0),
(814, 0),
(815, 0),
(816, 0),
(817, 0),
(818, 0),
(819, 0),
(820, 0),
(821, 0),
(822, 0),
(823, 0),
(824, 0),
(825, 0),
(826, 0),
(827, 0),
(828, 0),
(829, 0),
(830, 0),
(831, 0),
(832, 0),
(833, 0),
(834, 0),
(835, 0),
(836, 0),
(837, 0),
(838, 0),
(839, 0),
(840, 0),
(841, 0),
(842, 0),
(843, 0),
(844, 0),
(845, 0),
(846, 0),
(847, 0),
(848, 0),
(849, 0),
(850, 0),
(851, 0),
(852, 0),
(853, 0),
(854, 0),
(855, 0),
(856, 0),
(857, 0),
(858, 0),
(859, 0),
(860, 0),
(861, 0),
(862, 0),
(863, 0),
(864, 0),
(865, 0),
(866, 0),
(867, 0),
(868, 0),
(869, 0),
(870, 0),
(871, 0),
(872, 0),
(873, 0),
(874, 0),
(875, 0),
(876, 0),
(877, 0),
(878, 0),
(879, 0),
(880, 0),
(881, 0),
(882, 0),
(883, 0),
(884, 0),
(885, 0),
(886, 0),
(887, 0),
(888, 0),
(889, 0),
(890, 0),
(891, 0),
(892, 0),
(893, 0),
(894, 0),
(895, 0),
(896, 0),
(897, 0),
(898, 0),
(899, 0),
(900, 0),
(901, 0),
(902, 0),
(903, 0),
(904, 0),
(905, 0),
(906, 0),
(907, 0),
(908, 0),
(909, 0),
(910, 0),
(911, 0),
(912, 0),
(913, 0),
(914, 0),
(915, 0),
(916, 0),
(917, 0),
(918, 0),
(919, 0),
(920, 0),
(921, 0),
(922, 0),
(923, 0),
(924, 0),
(925, 0),
(926, 0),
(927, 0),
(928, 0),
(929, 0),
(930, 0),
(931, 0),
(932, 0),
(933, 0),
(934, 0),
(935, 0),
(936, 0),
(937, 0),
(938, 0),
(939, 0),
(940, 0),
(941, 0),
(942, 0),
(943, 0),
(944, 0),
(945, 0),
(946, 0),
(947, 0),
(948, 0),
(949, 0),
(950, 0),
(951, 0),
(952, 0),
(953, 0),
(954, 0),
(955, 0),
(956, 0),
(957, 0),
(958, 0),
(959, 0),
(960, 0),
(961, 0),
(962, 0),
(963, 0),
(964, 0),
(965, 0),
(966, 0),
(967, 0),
(968, 0),
(969, 0),
(970, 0),
(971, 0),
(972, 0),
(973, 0),
(974, 0),
(975, 0),
(976, 0),
(977, 0),
(978, 0),
(979, 0),
(980, 0),
(981, 0),
(982, 0),
(983, 0),
(984, 0),
(985, 0),
(986, 0),
(987, 0),
(988, 0),
(989, 0),
(990, 0),
(991, 0),
(992, 0),
(993, 0),
(994, 0),
(995, 0),
(996, 0),
(997, 0),
(998, 0),
(999, 0),
(1000, 0),
(1001, 0),
(1002, 0),
(1003, 0),
(1004, 0),
(1005, 0),
(1006, 0),
(1007, 0),
(1008, 0),
(1009, 0),
(1010, 0),
(1011, 0),
(1012, 0),
(1013, 0),
(1014, 0),
(1015, 0),
(1016, 0),
(1017, 0),
(1018, 0),
(1019, 0),
(1020, 0),
(1021, 0),
(1022, 0),
(1023, 0),
(1024, 0),
(1025, 0),
(1026, 0),
(1027, 0),
(1028, 0),
(1029, 0),
(1030, 0),
(1031, 0),
(1032, 0),
(1033, 0),
(1034, 0),
(1035, 0),
(1036, 0),
(1037, 0),
(1038, 0),
(1039, 0),
(1040, 0),
(1041, 0),
(1042, 0),
(1043, 0),
(1044, 0),
(1045, 0),
(1046, 0),
(1047, 0),
(1048, 0),
(1049, 0),
(1050, 0),
(1051, 0),
(1052, 0),
(1053, 0),
(1054, 0),
(1055, 0),
(1056, 0),
(1057, 0),
(1058, 0),
(1059, 0),
(1060, 0),
(1061, 0),
(1062, 0),
(1063, 0),
(1064, 0),
(1065, 0),
(1066, 0),
(1067, 0),
(1068, 0),
(1069, 0),
(1070, 0),
(1071, 0),
(1072, 0),
(1073, 0),
(1074, 0),
(1075, 0),
(1076, 0),
(1077, 0),
(1078, 0),
(1079, 0),
(1080, 0),
(1081, 0),
(1082, 0),
(1083, 0),
(1084, 0),
(1085, 0),
(1086, 0),
(1087, 0),
(1088, 0),
(1089, 0),
(1090, 0),
(1091, 0),
(1092, 0),
(1093, 0),
(1094, 0),
(1095, 0),
(1096, 0),
(1097, 0),
(1098, 0),
(1099, 0),
(1100, 0),
(1101, 0),
(1102, 0),
(1103, 0),
(1104, 0),
(1105, 0),
(1106, 0),
(1107, 0),
(1108, 0),
(1109, 0),
(1110, 0),
(1111, 0),
(1112, 0),
(1113, 0),
(1114, 0),
(1115, 0),
(1116, 0),
(1117, 0),
(1118, 0),
(1119, 0),
(1120, 0),
(1121, 0),
(1122, 0),
(1123, 0),
(1124, 0),
(1125, 0),
(1126, 0),
(1127, 0),
(1128, 0),
(1129, 0),
(1130, 0),
(1131, 0),
(1132, 0),
(1133, 0),
(1134, 0),
(1135, 0),
(1136, 0),
(1137, 0),
(1138, 0),
(1139, 0),
(1140, 0),
(1141, 0),
(1142, 0),
(1143, 0),
(1144, 0),
(1145, 0),
(1146, 0),
(1147, 0),
(1148, 0),
(1149, 0),
(1150, 0),
(1151, 0),
(1152, 0),
(1153, 0),
(1154, 0),
(1155, 0),
(1156, 0),
(1157, 0),
(1158, 0),
(1159, 0),
(1160, 0),
(1161, 0),
(1162, 0),
(1163, 0),
(1164, 0),
(1165, 0),
(1166, 0),
(1167, 0),
(1168, 0),
(1169, 0),
(1170, 0),
(1171, 0),
(1172, 0),
(1173, 0),
(1174, 0),
(1175, 0),
(1176, 0),
(1177, 0),
(1178, 0),
(1179, 0),
(1180, 0),
(1181, 0),
(1182, 0),
(1183, 0),
(1184, 0),
(1185, 0),
(1186, 0),
(1187, 0),
(1188, 0),
(1189, 0),
(1190, 0),
(1191, 0),
(1192, 0),
(1193, 0),
(1194, 0),
(1195, 0),
(1196, 0),
(1197, 0),
(1198, 0),
(1199, 0),
(1200, 0),
(1201, 0),
(1202, 0),
(1203, 0),
(1204, 0),
(1205, 0),
(1206, 0),
(1207, 0),
(1208, 0),
(1209, 0),
(1210, 0),
(1211, 0),
(1212, 0),
(1213, 0),
(1214, 0),
(1215, 0),
(1216, 0),
(1217, 0),
(1218, 0),
(1219, 0),
(1220, 0),
(1221, 0),
(1222, 0),
(1223, 0),
(1224, 0),
(1225, 0),
(1226, 0),
(1227, 0),
(1228, 0),
(1229, 0),
(1230, 0),
(1231, 0),
(1232, 0),
(1233, 0),
(1234, 0),
(1235, 0),
(1236, 0),
(1237, 0),
(1238, 0),
(1239, 0),
(1240, 0),
(1241, 0),
(1242, 0),
(1243, 0),
(1244, 0),
(1245, 0),
(1246, 0),
(1247, 0),
(1248, 0),
(1249, 0),
(1250, 0),
(1251, 0),
(1252, 0),
(1253, 0),
(1254, 0),
(1255, 0),
(1256, 0),
(1257, 0),
(1258, 0),
(1259, 0),
(1260, 0),
(1261, 0),
(1262, 0),
(1263, 0),
(1264, 0),
(1265, 0),
(1266, 0),
(1267, 0),
(1268, 0),
(1269, 0),
(1270, 0),
(1271, 0),
(1272, 0),
(1273, 0),
(1274, 0),
(1275, 0),
(1276, 0),
(1277, 0),
(1278, 0),
(1279, 0),
(1280, 0),
(1281, 0),
(1282, 0),
(1283, 0),
(1284, 0),
(1285, 0),
(1286, 0),
(1287, 0),
(1288, 0),
(1289, 0),
(1290, 0),
(1291, 0),
(1292, 0),
(1293, 0),
(1294, 0),
(1295, 0),
(1296, 0),
(1297, 0),
(1298, 0),
(1299, 0),
(1300, 0),
(1301, 0),
(1302, 0),
(1303, 0),
(1304, 0),
(1305, 0),
(1306, 0),
(1307, 0),
(1308, 0),
(1309, 0),
(1310, 0),
(1311, 0),
(1312, 0),
(1313, 0),
(1314, 0),
(1315, 0),
(1316, 0),
(1317, 0),
(1318, 0),
(1319, 0),
(1320, 0),
(1321, 0),
(1322, 0),
(1323, 0),
(1324, 0),
(1325, 0),
(1326, 0),
(1327, 0),
(1328, 0),
(1329, 0),
(1330, 0),
(1331, 0),
(1332, 0),
(1333, 0),
(1334, 0),
(1335, 0),
(1336, 0),
(1337, 0),
(1338, 0),
(1339, 0),
(1340, 0),
(1341, 0),
(1342, 0),
(1343, 0),
(1344, 0),
(1345, 0),
(1346, 0),
(1347, 0),
(1348, 0),
(1349, 0),
(1350, 0),
(1351, 0),
(1352, 0),
(1353, 0),
(1354, 0),
(1355, 0),
(1356, 0),
(1357, 0),
(1358, 0),
(1359, 0),
(1360, 0),
(1361, 0),
(1362, 0),
(1363, 0),
(1364, 0),
(1365, 0),
(1366, 0),
(1367, 0),
(1368, 0),
(1369, 0),
(1370, 0),
(1371, 0),
(1372, 0),
(1373, 0),
(1374, 0),
(1375, 0),
(1376, 0),
(1377, 0),
(1378, 0),
(1379, 0),
(1380, 0),
(1381, 0),
(1382, 0),
(1383, 0),
(1384, 0),
(1385, 0),
(1386, 0),
(1387, 0),
(1388, 0),
(1389, 0),
(1390, 0),
(1391, 0),
(1392, 0),
(1393, 0),
(1394, 0),
(1395, 0),
(1396, 0),
(1397, 0),
(1398, 0),
(1399, 0),
(1400, 0),
(1401, 0),
(1402, 0),
(1403, 0),
(1404, 0),
(1405, 0),
(1406, 0),
(1407, 0),
(1408, 0),
(1409, 0),
(1410, 0),
(1411, 0),
(1412, 0),
(1413, 0),
(1414, 0),
(1415, 0),
(1416, 0),
(1417, 0),
(1418, 0),
(1419, 0),
(1420, 0),
(1421, 0),
(1422, 0),
(1423, 0),
(1424, 0),
(1425, 0),
(1426, 0),
(1427, 0),
(1428, 0),
(1429, 0),
(1430, 0),
(1431, 0),
(1432, 0),
(1433, 0),
(1434, 0),
(1435, 0),
(1436, 0),
(1437, 0),
(1438, 0),
(1439, 0),
(1440, 0),
(1441, 0),
(1442, 0),
(1443, 0),
(1444, 0),
(1445, 0),
(1446, 0),
(1447, 0),
(1448, 0),
(1449, 0),
(1450, 0),
(1451, 0),
(1452, 0),
(1453, 0),
(1454, 0),
(1455, 0),
(1456, 0),
(1457, 0),
(1458, 0),
(1459, 0),
(1460, 0),
(1461, 0),
(1462, 0),
(1463, 0),
(1464, 0),
(1465, 0),
(1466, 0),
(1467, 0),
(1468, 0),
(1469, 0),
(1470, 0),
(1471, 0),
(1472, 0),
(1473, 0),
(1474, 0),
(1475, 0),
(1476, 0),
(1477, 0),
(1478, 0),
(1479, 0),
(1480, 0),
(1481, 0),
(1482, 0),
(1483, 0),
(1484, 0),
(1485, 0),
(1486, 0),
(1487, 0),
(1488, 0),
(1489, 0),
(1490, 0),
(1491, 0),
(1492, 0),
(1493, 0),
(1494, 0),
(1495, 0),
(1496, 0),
(1497, 0),
(1498, 0),
(1499, 0),
(1500, 0),
(1501, 0),
(1502, 0),
(1503, 0),
(1504, 0),
(1505, 0),
(1506, 0),
(1507, 0),
(1508, 0),
(1509, 0),
(1510, 0),
(1511, 0),
(1512, 0),
(1513, 0),
(1514, 0),
(1515, 0),
(1516, 0),
(1517, 0),
(1518, 0),
(1519, 0),
(1520, 0),
(1521, 0),
(1522, 0),
(1523, 0),
(1524, 0),
(1525, 0),
(1526, 0),
(1527, 0),
(1528, 0),
(1529, 0),
(1530, 0),
(1531, 0),
(1532, 0),
(1533, 0),
(1534, 0),
(1535, 0),
(1536, 0),
(1537, 0),
(1538, 0),
(1539, 0),
(1540, 0),
(1541, 0),
(1542, 0),
(1543, 0),
(1544, 0),
(1545, 0),
(1546, 0),
(1547, 0),
(1548, 0),
(1549, 0),
(1550, 0),
(1551, 0),
(1552, 0),
(1553, 0),
(1554, 0),
(1555, 0),
(1556, 0),
(1557, 0),
(1558, 0),
(1559, 0),
(1560, 0),
(1561, 0),
(1562, 0),
(1563, 0),
(1564, 0),
(1565, 0),
(1566, 0),
(1567, 0),
(1568, 0),
(1569, 0),
(1570, 0),
(1571, 0),
(1572, 0),
(1573, 0),
(1574, 0),
(1575, 0),
(1576, 0),
(1577, 0),
(1578, 0),
(1579, 0),
(1580, 0),
(1581, 0),
(1582, 0),
(1583, 0),
(1584, 0),
(1585, 0),
(1586, 0),
(1587, 0),
(1588, 0),
(1589, 0),
(1590, 0),
(1591, 0),
(1592, 0),
(1593, 0),
(1594, 0),
(1595, 0),
(1596, 0),
(1597, 0),
(1598, 0),
(1599, 0),
(1600, 0),
(1601, 0),
(1602, 0),
(1603, 0),
(1604, 0),
(1605, 0),
(1606, 0),
(1607, 0),
(1608, 0),
(1609, 0),
(1610, 0),
(1611, 0),
(1612, 0),
(1613, 0),
(1614, 0),
(1615, 0),
(1616, 0),
(1617, 0),
(1618, 0),
(1619, 0),
(1620, 0),
(1621, 0),
(1622, 0),
(1623, 0),
(1624, 0),
(1625, 0),
(1626, 0),
(1627, 0),
(1628, 0),
(1629, 0),
(1630, 0),
(1631, 0),
(1632, 0),
(1633, 0),
(1634, 0),
(1635, 0),
(1636, 0),
(1637, 0),
(1638, 0),
(1639, 0),
(1640, 0),
(1641, 0),
(1642, 0),
(1643, 0),
(1644, 0),
(1645, 0),
(1646, 0),
(1647, 0),
(1648, 0),
(1649, 0),
(1650, 0),
(1651, 0),
(1652, 0),
(1653, 0),
(1654, 0),
(1655, 0),
(1656, 0),
(1657, 0),
(1658, 0),
(1659, 0),
(1660, 0),
(1661, 0),
(1662, 0),
(1663, 0),
(1664, 0),
(1665, 0),
(1666, 0),
(1667, 0),
(1668, 0),
(1669, 0),
(1670, 0),
(1671, 0),
(1672, 0),
(1673, 0),
(1674, 0),
(1675, 0),
(1676, 0),
(1677, 0),
(1678, 0),
(1679, 0),
(1680, 0),
(1681, 0),
(1682, 0),
(1683, 0),
(1684, 0),
(1685, 0),
(1686, 0),
(1687, 0),
(1688, 0),
(1689, 0),
(1690, 0),
(1691, 0),
(1692, 0),
(1693, 0),
(1694, 0),
(1695, 0),
(1696, 0),
(1697, 0),
(1698, 0),
(1699, 0),
(1700, 0),
(1701, 0),
(1702, 0),
(1703, 0),
(1704, 0),
(1705, 0),
(1706, 0),
(1707, 0),
(1708, 0),
(1709, 0),
(1710, 0),
(1711, 0),
(1712, 0),
(1713, 0),
(1714, 0),
(1715, 0),
(1716, 0),
(1717, 0),
(1718, 0),
(1719, 0),
(1720, 0),
(1721, 0),
(1722, 0),
(1723, 0),
(1724, 0),
(1725, 0),
(1726, 0),
(1727, 0),
(1728, 0),
(1729, 0),
(1730, 0),
(1731, 0),
(1732, 0),
(1733, 0),
(1734, 0),
(1735, 0),
(1736, 0),
(1737, 0),
(1738, 0),
(1739, 0),
(1740, 0),
(1741, 0),
(1742, 0),
(1743, 0),
(1744, 0),
(1745, 0),
(1746, 0),
(1747, 0),
(1748, 0),
(1749, 0),
(1750, 0),
(1751, 0),
(1752, 0),
(1753, 0),
(1754, 0),
(1755, 0),
(1756, 0),
(1757, 0),
(1758, 0),
(1759, 0),
(1760, 0),
(1761, 0),
(1762, 0),
(1763, 0),
(1764, 0),
(1765, 0),
(1766, 0),
(1767, 0),
(1768, 0),
(1769, 0),
(1770, 0),
(1771, 0),
(1772, 0),
(1773, 0),
(1774, 0),
(1775, 0),
(1776, 0),
(1777, 0),
(1778, 0),
(1779, 0),
(1780, 0),
(1781, 0),
(1782, 0),
(1783, 0),
(1784, 0),
(1785, 0),
(1786, 0),
(1787, 0),
(1788, 0),
(1789, 0),
(1790, 0),
(1791, 0),
(1792, 0),
(1793, 0),
(1794, 0),
(1795, 0),
(1796, 0),
(1797, 0),
(1798, 0),
(1799, 0),
(1800, 0),
(1801, 0),
(1802, 0),
(1803, 0),
(1804, 0),
(1805, 0),
(1806, 0),
(1807, 0),
(1808, 0),
(1809, 0),
(1810, 0),
(1811, 0),
(1812, 0),
(1813, 0),
(1814, 0),
(1815, 0),
(1816, 0),
(1817, 0),
(1818, 0),
(1819, 0),
(1820, 0),
(1821, 0),
(1822, 0),
(1823, 0),
(1824, 0),
(1825, 0),
(1826, 0),
(1827, 0),
(1828, 0),
(1829, 0),
(1830, 0),
(1831, 0),
(1832, 0),
(1833, 0),
(1834, 0),
(1835, 0),
(1836, 0),
(1837, 0),
(1838, 0),
(1839, 0),
(1840, 0),
(1841, 0),
(1842, 0),
(1843, 0),
(1844, 0),
(1845, 0),
(1846, 0),
(1847, 0),
(1848, 0),
(1849, 0),
(1850, 0),
(1851, 0),
(1852, 0),
(1853, 0),
(1854, 0),
(1855, 0),
(1856, 0),
(1857, 0),
(1858, 0),
(1859, 0),
(1860, 0),
(1861, 0),
(1862, 0),
(1863, 0),
(1864, 0),
(1865, 0),
(1866, 0),
(1867, 0),
(1868, 0),
(1869, 0),
(1870, 0),
(1871, 0),
(1872, 0),
(1873, 0),
(1874, 0),
(1875, 0),
(1876, 0),
(1877, 0),
(1878, 0),
(1879, 0),
(1880, 0),
(1881, 0),
(1882, 0),
(1883, 0),
(1884, 0),
(1885, 0),
(1886, 0),
(1887, 0),
(1888, 0),
(1889, 0),
(1890, 0),
(1891, 0),
(1892, 0),
(1893, 0),
(1894, 0),
(1895, 0),
(1896, 0),
(1897, 0),
(1898, 0),
(1899, 0),
(1900, 0),
(1901, 0),
(1902, 0),
(1903, 0),
(1904, 0),
(1905, 0),
(1906, 0),
(1907, 0),
(1908, 0),
(1909, 0),
(1910, 0),
(1911, 0),
(1912, 0),
(1913, 0),
(1914, 0),
(1915, 0),
(1916, 0),
(1917, 0),
(1918, 0),
(1919, 0),
(1920, 0),
(1921, 0),
(1922, 0),
(1923, 0),
(1924, 0),
(1925, 0),
(1926, 0),
(1927, 0),
(1928, 0),
(1929, 0),
(1930, 0),
(1931, 0),
(1932, 0),
(1933, 0),
(1934, 0),
(1935, 0),
(1936, 0),
(1937, 0),
(1938, 0),
(1939, 0),
(1940, 0),
(1941, 0),
(1942, 0),
(1943, 0),
(1944, 0),
(1945, 0),
(1946, 0),
(1947, 0),
(1948, 0),
(1949, 0),
(1950, 0),
(1951, 0),
(1952, 0),
(1953, 0),
(1954, 0),
(1955, 0),
(1956, 0),
(1957, 0),
(1958, 0),
(1959, 0),
(1960, 0),
(1961, 0),
(1962, 0),
(1963, 0),
(1964, 0),
(1965, 0),
(1966, 0),
(1967, 0),
(1968, 0),
(1969, 0),
(1970, 0),
(1971, 0),
(1972, 0),
(1973, 0),
(1974, 0),
(1975, 0),
(1976, 0),
(1977, 0),
(1978, 0),
(1979, 0),
(1980, 0),
(1981, 0),
(1982, 0),
(1983, 0),
(1984, 0),
(1985, 0),
(1986, 0),
(1987, 0),
(1988, 0),
(1989, 0),
(1990, 0),
(1991, 0),
(1992, 0),
(1993, 0),
(1994, 0),
(1995, 0),
(1996, 0),
(1997, 0),
(1998, 0),
(1999, 0),
(2000, 0),
(2001, 0),
(2002, 0),
(2003, 0),
(2004, 0),
(2005, 0),
(2006, 0),
(2007, 0),
(2008, 0),
(2009, 0),
(2010, 0),
(2011, 0),
(2012, 0),
(2013, 0),
(2014, 0),
(2015, 0),
(2016, 0),
(2017, 0),
(2018, 0),
(2019, 0),
(2020, 0),
(2021, 0),
(2022, 0),
(2023, 0),
(2024, 0),
(2025, 0),
(2026, 0),
(2027, 0),
(2028, 0),
(2029, 0),
(2030, 0),
(2031, 0),
(2032, 0),
(2033, 0),
(2034, 0),
(2035, 0),
(2036, 0),
(2037, 0),
(2038, 0),
(2039, 0),
(2040, 0),
(2041, 0),
(2042, 0),
(2043, 0),
(2044, 0),
(2045, 0),
(2046, 0),
(2047, 0),
(2048, 0),
(2049, 0),
(2050, 0),
(2051, 0),
(2052, 0),
(2053, 0),
(2054, 0),
(2055, 0),
(2056, 0),
(2057, 0),
(2058, 0),
(2059, 0),
(2060, 0),
(2061, 0),
(2062, 0),
(2063, 0),
(2064, 0),
(2065, 0),
(2066, 0),
(2067, 0),
(2068, 0),
(2069, 0),
(2070, 0),
(2071, 0),
(2072, 0),
(2073, 0),
(2074, 0),
(2075, 0),
(2076, 0),
(2077, 0),
(2078, 0),
(2079, 0),
(2080, 0),
(2081, 0),
(2082, 0),
(2083, 0),
(2084, 0),
(2085, 0),
(2086, 0),
(2087, 0),
(2088, 0),
(2089, 0),
(2090, 0),
(2091, 0),
(2092, 0),
(2093, 0),
(2094, 0),
(2095, 0),
(2096, 0),
(2097, 0),
(2098, 0),
(2099, 0),
(2100, 0),
(2101, 0),
(2102, 0),
(2103, 0),
(2104, 0),
(2105, 0),
(2106, 0),
(2107, 0),
(2108, 0),
(2109, 0),
(2110, 0),
(2111, 0),
(2112, 0),
(2113, 0),
(2114, 0),
(2115, 0),
(2116, 0),
(2117, 0),
(2118, 0),
(2119, 0),
(2120, 0),
(2121, 0),
(2122, 0),
(2123, 0),
(2124, 0),
(2125, 0),
(2126, 0),
(2127, 0),
(2128, 0),
(2129, 0),
(2130, 0),
(2131, 0),
(2132, 0),
(2133, 0),
(2134, 0),
(2135, 0),
(2136, 0),
(2137, 0),
(2138, 0),
(2139, 0),
(2140, 0),
(2141, 0),
(2142, 0),
(2143, 0),
(2144, 0),
(2145, 0),
(2146, 0),
(2147, 0),
(2148, 0),
(2149, 0),
(2150, 0),
(2151, 0),
(2152, 0),
(2153, 0),
(2154, 0),
(2155, 0),
(2156, 0),
(2157, 0),
(2158, 0),
(2159, 0),
(2160, 0),
(2161, 0),
(2162, 0),
(2163, 0),
(2164, 0),
(2165, 0),
(2166, 0),
(2167, 0),
(2168, 0),
(2169, 0),
(2170, 0),
(2171, 0),
(2172, 0),
(2173, 0),
(2174, 0),
(2175, 0),
(2176, 0),
(2177, 0),
(2178, 0),
(2179, 0),
(2180, 0),
(2181, 0),
(2182, 0),
(2183, 0),
(2184, 0),
(2185, 0),
(2186, 0),
(2187, 0),
(2188, 0),
(2189, 0),
(2190, 0),
(2191, 0),
(2192, 0),
(2193, 0),
(2194, 0),
(2195, 0),
(2196, 0),
(2197, 0),
(2198, 0),
(2199, 0),
(2200, 0),
(2201, 0),
(2202, 0),
(2203, 0),
(2204, 0),
(2205, 0),
(2206, 0),
(2207, 0),
(2208, 0),
(2209, 0),
(2210, 0),
(2211, 0),
(2212, 0),
(2213, 0),
(2214, 0),
(2215, 0),
(2216, 0),
(2217, 0),
(2218, 0),
(2219, 0),
(2220, 0),
(2221, 0),
(2222, 0),
(2223, 0),
(2224, 0),
(2225, 0),
(2226, 0),
(2227, 0),
(2228, 0),
(2229, 0),
(2230, 0),
(2231, 0),
(2232, 0),
(2233, 0),
(2234, 0),
(2235, 0),
(2236, 0),
(2237, 0),
(2238, 0),
(2239, 0),
(2240, 0),
(2241, 0),
(2242, 0),
(2243, 0),
(2244, 0),
(2245, 0),
(2246, 0),
(2247, 0),
(2248, 0),
(2249, 0),
(2250, 0),
(2251, 0),
(2252, 0),
(2253, 0),
(2254, 0),
(2255, 0),
(2256, 0),
(2257, 0),
(2258, 0),
(2259, 0),
(2260, 0),
(2261, 0),
(2262, 0),
(2263, 0),
(2264, 0),
(2265, 0),
(2266, 0),
(2267, 0),
(2268, 0),
(2269, 0),
(2270, 0),
(2271, 0),
(2272, 0),
(2273, 0),
(2274, 0),
(2275, 0),
(2276, 0),
(2277, 0),
(2278, 0),
(2279, 0),
(2280, 0),
(2281, 0),
(2282, 0),
(2283, 0),
(2284, 0),
(2285, 0),
(2286, 0),
(2287, 0),
(2288, 0),
(2289, 0),
(2290, 0),
(2291, 0),
(2292, 0),
(2293, 0),
(2294, 0),
(2295, 0),
(2296, 0),
(2297, 0),
(2298, 0),
(2299, 0),
(2300, 0),
(2301, 0),
(2302, 0),
(2303, 0),
(2304, 0),
(2305, 0),
(2306, 0),
(2307, 0),
(2308, 0),
(2309, 0),
(2310, 0),
(2311, 0),
(2312, 0),
(2313, 0),
(2314, 0),
(2315, 0),
(2316, 0),
(2317, 0),
(2318, 0),
(2319, 0),
(2320, 0),
(2321, 0),
(2322, 0),
(2323, 0),
(2324, 0),
(2325, 0),
(2326, 0),
(2327, 0),
(2328, 0),
(2329, 0),
(2330, 0),
(2331, 0),
(2332, 0),
(2333, 0),
(2334, 0),
(2335, 0),
(2336, 0),
(2337, 0),
(2338, 0),
(2339, 0),
(2340, 0),
(2341, 0),
(2342, 0),
(2343, 0),
(2344, 0),
(2345, 0),
(2346, 0),
(2347, 0),
(2348, 0),
(2349, 0),
(2350, 0),
(2351, 0),
(2352, 0),
(2353, 0),
(2354, 0),
(2355, 0),
(2356, 0),
(2357, 0),
(2358, 0),
(2359, 0),
(2360, 0),
(2361, 0),
(2362, 0),
(2363, 0),
(2364, 0),
(2365, 0),
(2366, 0),
(2367, 0),
(2368, 0),
(2369, 0),
(2370, 0),
(2371, 0),
(2372, 0),
(2373, 0),
(2374, 0),
(2375, 0),
(2376, 0),
(2377, 0),
(2378, 0),
(2379, 0),
(2380, 0),
(2381, 0),
(2382, 0),
(2383, 0),
(2384, 0),
(2385, 0),
(2386, 0),
(2387, 0),
(2388, 0),
(2389, 0),
(2390, 0),
(2391, 0),
(2392, 0),
(2393, 0),
(2394, 0),
(2395, 0),
(2396, 0),
(2397, 0),
(2398, 0),
(2399, 0),
(2400, 0),
(2401, 0),
(2402, 0),
(2403, 0),
(2404, 0),
(2405, 0),
(2406, 0),
(2407, 0),
(2408, 0),
(2409, 0),
(2410, 0),
(2411, 0),
(2412, 0),
(2413, 0),
(2414, 0),
(2415, 0),
(2416, 0),
(2417, 0),
(2418, 0),
(2419, 0),
(2420, 0),
(2421, 0),
(2422, 0),
(2423, 0),
(2424, 0),
(2425, 0),
(2426, 0),
(2427, 0),
(2428, 0),
(2429, 0),
(2430, 0),
(2431, 0),
(2432, 0),
(2433, 0),
(2434, 0),
(2435, 0),
(2436, 0),
(2437, 0),
(2438, 0),
(2439, 0),
(2440, 0),
(2441, 0),
(2442, 0),
(2443, 0),
(2444, 0),
(2445, 0),
(2446, 0),
(2447, 0),
(2448, 0),
(2449, 0),
(2450, 0),
(2451, 0),
(2452, 0),
(2453, 0),
(2454, 0),
(2455, 0),
(2456, 0),
(2457, 0),
(2458, 0),
(2459, 0),
(2460, 0),
(2461, 0),
(2462, 0),
(2463, 0),
(2464, 0),
(2465, 0),
(2466, 0),
(2467, 0),
(2468, 0),
(2469, 0),
(2470, 0),
(2471, 0),
(2472, 0),
(2473, 0),
(2474, 0),
(2475, 0),
(2476, 0),
(2477, 0),
(2478, 0),
(2479, 0),
(2480, 0),
(2481, 0),
(2482, 0),
(2483, 0),
(2484, 0),
(2485, 0),
(2486, 0),
(2487, 0),
(2488, 0),
(2489, 0),
(2490, 0),
(2491, 0),
(2492, 0),
(2493, 0),
(2494, 0),
(2495, 0),
(2496, 0),
(2497, 0),
(2498, 0),
(2499, 0),
(2500, 0),
(2501, 0),
(2502, 0),
(2503, 0),
(2504, 0),
(2505, 0),
(2506, 0),
(2507, 0),
(2508, 0),
(2509, 0),
(2510, 0),
(2511, 0),
(2512, 0),
(2513, 0),
(2514, 0),
(2515, 0),
(2516, 0),
(2517, 0),
(2518, 0),
(2519, 0),
(2520, 0),
(2521, 0),
(2522, 0),
(2523, 0),
(2524, 0),
(2525, 0),
(2526, 0),
(2527, 0),
(2528, 0),
(2529, 0),
(2530, 0),
(2531, 0),
(2532, 0),
(2533, 0),
(2534, 0),
(2535, 0),
(2536, 0),
(2537, 0),
(2538, 0),
(2539, 0),
(2540, 0),
(2541, 0),
(2542, 0),
(2543, 0),
(2544, 0),
(2545, 0),
(2546, 0),
(2547, 0),
(2548, 0),
(2549, 0),
(2550, 0),
(2551, 0),
(2552, 0),
(2553, 0),
(2554, 0),
(2555, 0),
(2556, 0),
(2557, 0),
(2558, 0),
(2559, 0),
(2560, 0),
(2561, 0),
(2562, 0),
(2563, 0),
(2564, 0),
(2565, 0),
(2566, 0),
(2567, 0),
(2568, 0),
(2569, 0),
(2570, 0),
(2571, 0),
(2572, 0),
(2573, 0),
(2574, 0),
(2575, 0),
(2576, 0),
(2577, 0),
(2578, 0),
(2579, 0),
(2580, 0),
(2581, 0),
(2582, 0),
(2583, 0),
(2584, 0),
(2585, 0),
(2586, 0),
(2587, 0),
(2588, 0),
(2589, 0),
(2590, 0),
(2591, 0),
(2592, 0),
(2593, 0),
(2594, 0),
(2595, 0),
(2596, 0),
(2597, 0),
(2598, 0),
(2599, 0),
(2600, 0),
(2601, 0),
(2602, 0),
(2603, 0),
(2604, 0),
(2605, 0),
(2606, 0),
(2607, 0),
(2608, 0),
(2609, 0),
(2610, 0),
(2611, 0),
(2612, 0),
(2613, 0),
(2614, 0),
(2615, 0),
(2616, 0),
(2617, 0),
(2618, 0),
(2619, 0),
(2620, 0),
(2621, 0),
(2622, 0),
(2623, 0),
(2624, 0),
(2625, 0),
(2626, 0),
(2627, 0),
(2628, 0),
(2629, 0),
(2630, 0),
(2631, 0),
(2632, 0),
(2633, 0),
(2634, 0),
(2635, 0),
(2636, 0),
(2637, 0),
(2638, 0),
(2639, 0),
(2640, 0),
(2641, 0),
(2642, 0),
(2643, 0),
(2644, 0),
(2645, 0),
(2646, 0),
(2647, 0),
(2648, 0),
(2649, 0),
(2650, 0),
(2651, 0),
(2652, 0),
(2653, 0),
(2654, 0),
(2655, 0),
(2656, 0),
(2657, 0),
(2658, 0),
(2659, 0),
(2660, 0),
(2661, 0),
(2662, 0),
(2663, 0),
(2664, 0),
(2665, 0),
(2666, 0),
(2667, 0),
(2668, 0),
(2669, 0),
(2670, 0),
(2671, 0),
(2672, 0),
(2673, 0),
(2674, 0),
(2675, 0),
(2676, 0),
(2677, 0),
(2678, 0),
(2679, 0),
(2680, 0),
(2681, 0),
(2682, 0),
(2683, 0),
(2684, 0),
(2685, 0),
(2686, 0),
(2687, 0),
(2688, 0),
(2689, 0),
(2690, 0),
(2691, 0),
(2692, 0),
(2693, 0),
(2694, 0),
(2695, 0),
(2696, 0),
(2697, 0),
(2698, 0),
(2699, 0),
(2700, 0),
(2701, 0),
(2702, 0),
(2703, 0),
(2704, 0),
(2705, 0),
(2706, 0),
(2707, 0),
(2708, 0),
(2709, 0),
(2710, 0),
(2711, 0),
(2712, 0),
(2713, 0),
(2714, 0),
(2715, 0),
(2716, 0),
(2717, 0),
(2718, 0),
(2719, 0),
(2720, 0),
(2721, 0),
(2722, 0),
(2723, 0),
(2724, 0),
(2725, 0),
(2726, 0),
(2727, 0),
(2728, 0),
(2729, 0),
(2730, 0),
(2731, 0),
(2732, 0),
(2733, 0),
(2734, 0),
(2735, 0),
(2736, 0),
(2737, 0),
(2738, 0),
(2739, 0),
(2740, 0),
(2741, 0),
(2742, 0),
(2743, 0),
(2744, 0),
(2745, 0),
(2746, 0),
(2747, 0),
(2748, 0),
(2749, 0),
(2750, 0),
(2751, 0),
(2752, 0),
(2753, 0),
(2754, 0),
(2755, 0),
(2756, 0),
(2757, 0),
(2758, 0),
(2759, 0),
(2760, 0),
(2761, 0),
(2762, 0),
(2763, 0),
(2764, 0),
(2765, 0),
(2766, 0),
(2767, 0),
(2768, 0),
(2769, 0),
(2770, 0),
(2771, 0),
(2772, 0),
(2773, 0),
(2774, 0),
(2775, 0),
(2776, 0),
(2777, 0),
(2778, 0),
(2779, 0),
(2780, 0),
(2781, 0),
(2782, 0),
(2783, 0),
(2784, 0),
(2785, 0),
(2786, 0),
(2787, 0),
(2788, 0),
(2789, 0),
(2790, 0),
(2791, 0),
(2792, 0),
(2793, 0),
(2794, 0),
(2795, 0),
(2796, 0),
(2797, 0),
(2798, 0),
(2799, 0),
(2800, 0),
(2801, 0),
(2802, 0),
(2803, 0),
(2804, 0),
(2805, 0),
(2806, 0),
(2807, 0),
(2808, 0),
(2809, 0),
(2810, 0),
(2811, 0),
(2812, 0),
(2813, 0),
(2814, 0),
(2815, 0),
(2816, 0),
(2817, 0),
(2818, 0),
(2819, 0),
(2820, 0),
(2821, 0),
(2822, 0),
(2823, 0),
(2824, 0),
(2825, 0),
(2826, 0),
(2827, 0),
(2828, 0),
(2829, 0),
(2830, 0),
(2831, 0),
(2832, 0),
(2833, 0),
(2834, 0),
(2835, 0),
(2836, 0),
(2837, 0),
(2838, 0),
(2839, 0),
(2840, 0),
(2841, 0),
(2842, 0),
(2843, 0),
(2844, 0),
(2845, 0),
(2846, 0),
(2847, 0),
(2848, 0),
(2849, 0),
(2850, 0),
(2851, 0),
(2852, 0),
(2853, 0),
(2854, 0),
(2855, 0),
(2856, 0),
(2857, 0),
(2858, 0),
(2859, 0),
(2860, 0),
(2861, 0),
(2862, 0),
(2863, 0),
(2864, 0),
(2865, 0),
(2866, 0),
(2867, 0),
(2868, 0),
(2869, 0),
(2870, 0),
(2871, 0),
(2872, 0),
(2873, 0),
(2874, 0),
(2875, 0),
(2876, 0),
(2877, 0),
(2878, 0),
(2879, 0),
(2880, 0),
(2881, 0),
(2882, 0),
(2883, 0),
(2884, 0),
(2885, 0),
(2886, 0),
(2887, 0),
(2888, 0),
(2889, 0),
(2890, 0),
(2891, 0),
(2892, 0),
(2893, 0),
(2894, 0),
(2895, 0),
(2896, 0),
(2897, 0),
(2898, 0),
(2899, 0),
(2900, 0),
(2901, 0),
(2902, 0),
(2903, 0),
(2904, 0),
(2905, 0),
(2906, 0),
(2907, 0),
(2908, 0),
(2909, 0),
(2910, 0),
(2911, 0),
(2912, 0),
(2913, 0),
(2914, 0),
(2915, 0),
(2916, 0),
(2917, 0),
(2918, 0),
(2919, 0),
(2920, 0),
(2921, 0),
(2922, 0),
(2923, 0),
(2924, 0),
(2925, 0),
(2926, 0),
(2927, 0),
(2928, 0),
(2929, 0),
(2930, 0),
(2931, 0),
(2932, 0),
(2933, 0),
(2934, 0),
(2935, 0),
(2936, 0),
(2937, 0),
(2938, 0),
(2939, 0),
(2940, 0),
(2941, 0),
(2942, 0),
(2943, 0),
(2944, 0),
(2945, 0),
(2946, 0),
(2947, 0),
(2948, 0),
(2949, 0),
(2950, 0),
(2951, 0),
(2952, 0),
(2953, 0),
(2954, 0),
(2955, 0),
(2956, 0),
(2957, 0),
(2958, 0),
(2959, 0),
(2960, 0),
(2961, 0),
(2962, 0),
(2963, 0),
(2964, 0),
(2965, 0),
(2966, 0),
(2967, 0),
(2968, 0),
(2969, 0),
(2970, 0),
(2971, 0),
(2972, 0),
(2973, 0),
(2974, 0),
(2975, 0),
(2976, 0),
(2977, 0),
(2978, 0),
(2979, 0),
(2980, 0),
(2981, 0),
(2982, 0),
(2983, 0),
(2984, 0),
(2985, 0),
(2986, 0),
(2987, 0),
(2988, 0),
(2989, 0),
(2990, 0),
(2991, 0),
(2992, 0),
(2993, 0),
(2994, 0),
(2995, 0),
(2996, 0),
(2997, 0),
(2998, 0),
(2999, 0),
(3000, 0),
(3001, 0),
(3002, 0),
(3003, 0),
(3004, 0),
(3005, 0),
(3006, 0),
(3007, 0),
(3008, 0),
(3009, 0),
(3010, 0),
(3011, 0),
(3012, 0),
(3013, 0),
(3014, 0),
(3015, 0),
(3016, 0),
(3017, 0),
(3018, 0),
(3019, 0),
(3020, 0),
(3021, 0),
(3022, 0),
(3023, 0),
(3024, 0),
(3025, 0),
(3026, 0),
(3027, 0),
(3028, 0),
(3029, 0),
(3030, 0),
(3031, 0),
(3032, 0),
(3033, 0),
(3034, 0),
(3035, 0),
(3036, 0),
(3037, 0),
(3038, 0),
(3039, 0),
(3040, 0),
(3041, 0),
(3042, 0),
(3043, 0),
(3044, 0),
(3045, 0),
(3046, 0),
(3047, 0),
(3048, 0),
(3049, 0),
(3050, 0),
(3051, 0),
(3052, 0),
(3053, 0),
(3054, 0),
(3055, 0),
(3056, 0),
(3057, 0),
(3058, 0),
(3059, 0),
(3060, 0),
(3061, 0),
(3062, 0),
(3063, 0),
(3064, 0),
(3065, 0),
(3066, 0),
(3067, 0),
(3068, 0),
(3069, 0),
(3070, 0),
(3071, 0),
(3072, 0),
(3073, 0),
(3074, 0),
(3075, 0),
(3076, 0),
(3077, 0),
(3078, 0),
(3079, 0),
(3080, 0),
(3081, 0),
(3082, 0),
(3083, 0),
(3084, 0),
(3085, 0),
(3086, 0),
(3087, 0),
(3088, 0),
(3089, 0),
(3090, 0),
(3091, 0),
(3092, 0),
(3093, 0),
(3094, 0),
(3095, 0),
(3096, 0),
(3097, 0),
(3098, 0),
(3099, 0),
(3100, 0),
(3101, 0),
(3102, 0),
(3103, 0),
(3104, 0),
(3105, 0),
(3106, 0),
(3107, 0),
(3108, 0),
(3109, 0),
(3110, 0),
(3111, 0),
(3112, 0),
(3113, 0),
(3114, 0),
(3115, 0),
(3116, 0),
(3117, 0),
(3118, 0),
(3119, 0),
(3120, 0),
(3121, 0),
(3122, 0),
(3123, 0),
(3124, 0),
(3125, 0),
(3126, 0),
(3127, 0),
(3128, 0),
(3129, 0),
(3130, 0),
(3131, 0),
(3132, 0),
(3133, 0),
(3134, 0),
(3135, 0),
(3136, 0),
(3137, 0),
(3138, 0),
(3139, 0),
(3140, 0),
(3141, 0),
(3142, 0),
(3143, 0),
(3144, 0),
(3145, 0),
(3146, 0),
(3147, 0),
(3148, 0),
(3149, 0),
(3150, 0),
(3151, 0),
(3152, 0),
(3153, 0),
(3154, 0),
(3155, 0),
(3156, 0),
(3157, 0),
(3158, 0),
(3159, 0),
(3160, 0),
(3161, 0),
(3162, 0),
(3163, 0),
(3164, 0),
(3165, 0),
(3166, 0),
(3167, 0),
(3168, 0),
(3169, 0),
(3170, 0),
(3171, 0),
(3172, 0),
(3173, 0),
(3174, 0),
(3175, 0),
(3176, 0),
(3177, 0),
(3178, 0),
(3179, 0),
(3180, 0),
(3181, 0),
(3182, 0),
(3183, 0),
(3184, 0),
(3185, 0),
(3186, 0),
(3187, 0),
(3188, 0),
(3189, 0),
(3190, 0),
(3191, 0),
(3192, 0),
(3193, 0),
(3194, 0),
(3195, 0),
(3196, 0),
(3197, 0),
(3198, 0),
(3199, 0),
(3200, 0),
(3201, 0),
(3202, 0),
(3203, 0),
(3204, 0),
(3205, 0),
(3206, 0),
(3207, 0),
(3208, 0),
(3209, 0),
(3210, 0),
(3211, 0),
(3212, 0),
(3213, 0),
(3214, 0),
(3215, 0),
(3216, 0),
(3217, 0),
(3218, 0),
(3219, 0),
(3220, 0),
(3221, 0),
(3222, 0),
(3223, 0),
(3224, 0),
(3225, 0),
(3226, 0),
(3227, 0),
(3228, 0),
(3229, 0),
(3230, 0),
(3231, 0),
(3232, 0),
(3233, 0),
(3234, 0),
(3235, 0),
(3236, 0),
(3237, 0),
(3238, 0),
(3239, 0),
(3240, 0),
(3241, 0),
(3242, 0),
(3243, 0),
(3244, 0),
(3245, 0),
(3246, 0),
(3247, 0),
(3248, 0),
(3249, 0),
(3250, 0),
(3251, 0),
(3252, 0),
(3253, 0),
(3254, 0),
(3255, 0),
(3256, 0),
(3257, 0),
(3258, 0),
(3259, 0),
(3260, 0),
(3261, 0),
(3262, 0),
(3263, 0),
(3264, 0),
(3265, 0),
(3266, 0),
(3267, 0),
(3268, 0),
(3269, 0),
(3270, 0),
(3271, 0),
(3272, 0),
(3273, 0),
(3274, 0),
(3275, 0),
(3276, 0),
(3277, 0),
(3278, 0),
(3279, 0),
(3280, 0),
(3281, 0),
(3282, 0),
(3283, 0),
(3284, 0),
(3285, 0),
(3286, 0),
(3287, 0),
(3288, 0),
(3289, 0),
(3290, 0),
(3291, 0),
(3292, 0),
(3293, 0),
(3294, 0),
(3295, 0),
(3296, 0),
(3297, 0),
(3298, 0),
(3299, 0),
(3300, 0),
(3301, 0),
(3302, 0),
(3303, 0),
(3304, 0),
(3305, 0),
(3306, 0),
(3307, 0),
(3308, 0),
(3309, 0),
(3310, 0),
(3311, 0),
(3312, 0),
(3313, 0),
(3314, 0),
(3315, 0),
(3316, 0),
(3317, 0),
(3318, 0),
(3319, 0),
(3320, 0),
(3321, 0),
(3322, 0),
(3323, 0),
(3324, 0),
(3325, 0),
(3326, 0),
(3327, 0),
(3328, 0),
(3329, 0),
(3330, 0),
(3331, 0),
(3332, 0),
(3333, 0),
(3334, 0),
(3335, 0),
(3336, 0),
(3337, 0),
(3338, 0),
(3339, 0),
(3340, 0),
(3341, 0),
(3342, 0),
(3343, 0),
(3344, 0),
(3345, 0),
(3346, 0),
(3347, 0),
(3348, 0),
(3349, 0),
(3350, 0),
(3351, 0),
(3352, 0),
(3353, 0),
(3354, 0),
(3355, 0),
(3356, 0),
(3357, 0),
(3358, 0),
(3359, 0),
(3360, 0),
(3361, 0),
(3362, 0),
(3363, 0),
(3364, 0),
(3365, 0),
(3366, 0),
(3367, 0),
(3368, 0),
(3369, 0),
(3370, 0),
(3371, 0),
(3372, 0),
(3373, 0),
(3374, 0),
(3375, 0),
(3376, 0),
(3377, 0),
(3378, 0),
(3379, 0),
(3380, 0),
(3381, 0),
(3382, 0),
(3383, 0),
(3384, 0),
(3385, 0),
(3386, 0),
(3387, 0),
(3388, 0),
(3389, 0),
(3390, 0),
(3391, 0),
(3392, 0),
(3393, 0),
(3394, 0),
(3395, 0),
(3396, 0),
(3397, 0),
(3398, 0),
(3399, 0),
(3400, 0),
(3401, 0),
(3402, 0),
(3403, 0),
(3404, 0),
(3405, 0),
(3406, 0),
(3407, 0),
(3408, 0),
(3409, 0),
(3410, 0),
(3411, 0),
(3412, 0),
(3413, 0),
(3414, 0),
(3415, 0),
(3416, 0),
(3417, 0),
(3418, 0),
(3419, 0),
(3420, 0),
(3421, 0),
(3422, 0),
(3423, 0),
(3424, 0),
(3425, 0),
(3426, 0),
(3427, 0),
(3428, 0),
(3429, 0),
(3430, 0),
(3431, 0),
(3432, 0),
(3433, 0),
(3434, 0),
(3435, 0),
(3436, 0),
(3437, 0),
(3438, 0),
(3439, 0),
(3440, 0),
(3441, 0),
(3442, 0),
(3443, 0),
(3444, 0),
(3445, 0),
(3446, 0),
(3447, 0),
(3448, 0),
(3449, 0),
(3450, 0),
(3451, 0),
(3452, 0),
(3453, 0),
(3454, 0),
(3455, 0),
(3456, 0),
(3457, 0),
(3458, 0),
(3459, 0),
(3460, 0),
(3461, 0),
(3462, 0),
(3463, 0),
(3464, 0),
(3465, 0),
(3466, 0),
(3467, 0),
(3468, 0),
(3469, 0),
(3470, 0),
(3471, 0),
(3472, 0),
(3473, 0),
(3474, 0),
(3475, 0),
(3476, 0),
(3477, 0),
(3478, 0),
(3479, 0),
(3480, 0),
(3481, 0),
(3482, 0),
(3483, 0),
(3484, 0),
(3485, 0),
(3486, 0),
(3487, 0),
(3488, 0),
(3489, 0),
(3490, 0),
(3491, 0),
(3492, 0),
(3493, 0),
(3494, 0),
(3495, 0),
(3496, 0),
(3497, 0),
(3498, 0),
(3499, 0),
(3500, 0),
(3501, 0),
(3502, 0),
(3503, 0),
(3504, 0),
(3505, 0),
(3506, 0),
(3507, 0),
(3508, 0),
(3509, 0),
(3510, 0),
(3511, 0),
(3512, 0),
(3513, 0),
(3514, 0),
(3515, 0),
(3516, 0),
(3517, 0),
(3518, 0),
(3519, 0),
(3520, 0),
(3521, 0),
(3522, 0),
(3523, 0),
(3524, 0),
(3525, 0),
(3526, 0),
(3527, 0),
(3528, 0),
(3529, 0),
(3530, 0),
(3531, 0),
(3532, 0),
(3533, 0),
(3534, 0),
(3535, 0),
(3536, 0),
(3537, 0),
(3538, 0),
(3539, 0),
(3540, 0),
(3541, 0),
(3542, 0),
(3543, 0),
(3544, 0),
(3545, 0),
(3546, 0),
(3547, 0),
(3548, 0),
(3549, 0),
(3550, 0),
(3551, 0),
(3552, 0),
(3553, 0),
(3554, 0),
(3555, 0),
(3556, 0),
(3557, 0),
(3558, 0),
(3559, 0),
(3560, 0),
(3561, 0),
(3562, 0),
(3563, 0),
(3564, 0),
(3565, 0),
(3566, 0),
(3567, 0),
(3568, 0),
(3569, 0),
(3570, 0),
(3571, 0),
(3572, 0),
(3573, 0),
(3574, 0),
(3575, 0),
(3576, 0),
(3577, 0),
(3578, 0),
(3579, 0),
(3580, 0),
(3581, 0),
(3582, 0),
(3583, 0),
(3584, 0),
(3585, 0),
(3586, 0),
(3587, 0),
(3588, 0),
(3589, 0),
(3590, 0),
(3591, 0),
(3592, 0),
(3593, 0),
(3594, 0),
(3595, 0),
(3596, 0),
(3597, 0),
(3598, 0),
(3599, 0),
(3600, 0),
(3601, 0),
(3602, 0),
(3603, 0),
(3604, 0),
(3605, 0),
(3606, 0),
(3607, 0),
(3608, 0),
(3609, 0),
(3610, 0),
(3611, 0),
(3612, 0),
(3613, 0),
(3614, 0),
(3615, 0),
(3616, 0),
(3617, 0),
(3618, 0),
(3619, 0),
(3620, 0),
(3621, 0),
(3622, 0),
(3623, 0),
(3624, 0),
(3625, 0),
(3626, 0),
(3627, 0),
(3628, 0),
(3629, 0),
(3630, 0),
(3631, 0),
(3632, 0),
(3633, 0),
(3634, 0),
(3635, 0),
(3636, 0),
(3637, 0),
(3638, 0),
(3639, 0),
(3640, 0),
(3641, 0),
(3642, 0),
(3643, 0),
(3644, 0),
(3645, 0),
(3646, 0),
(3647, 0),
(3648, 0),
(3649, 0),
(3650, 0),
(3651, 0),
(3652, 0),
(3653, 0),
(3654, 0),
(3655, 0),
(3656, 0),
(3657, 0),
(3658, 0),
(3659, 0),
(3660, 0),
(3661, 0),
(3662, 0),
(3663, 0),
(3664, 0),
(3665, 0),
(3666, 0),
(3667, 0),
(3668, 0),
(3669, 0),
(3670, 0),
(3671, 0),
(3672, 0),
(3673, 0),
(3674, 0),
(3675, 0),
(3676, 0),
(3677, 0),
(3678, 0),
(3679, 0),
(3680, 0),
(3681, 0),
(3682, 0),
(3683, 0),
(3684, 0),
(3685, 0),
(3686, 0),
(3687, 0),
(3688, 0),
(3689, 0),
(3690, 0),
(3691, 0),
(3692, 0),
(3693, 0),
(3694, 0),
(3695, 0),
(3696, 0),
(3697, 0),
(3698, 0),
(3699, 0),
(3700, 0),
(3701, 0),
(3702, 0),
(3703, 0),
(3704, 0),
(3705, 0),
(3706, 0),
(3707, 0),
(3708, 0),
(3709, 0),
(3710, 0),
(3711, 0),
(3712, 0),
(3713, 0),
(3714, 0),
(3715, 0),
(3716, 0),
(3717, 0),
(3718, 0),
(3719, 0),
(3720, 0),
(3721, 0),
(3722, 0),
(3723, 0),
(3724, 0),
(3725, 0),
(3726, 0),
(3727, 0),
(3728, 0),
(3729, 0),
(3730, 0),
(3731, 0),
(3732, 0),
(3733, 0),
(3734, 0),
(3735, 0),
(3736, 0),
(3737, 0),
(3738, 0),
(3739, 0),
(3740, 0),
(3741, 0),
(3742, 0),
(3743, 0),
(3744, 0),
(3745, 0),
(3746, 0),
(3747, 0),
(3748, 0),
(3749, 0),
(3750, 0),
(3751, 0),
(3752, 0),
(3753, 0),
(3754, 0),
(3755, 0),
(3756, 0),
(3757, 0),
(3758, 0),
(3759, 0),
(3760, 0),
(3761, 0),
(3762, 0),
(3763, 0),
(3764, 0),
(3765, 0),
(3766, 0),
(3767, 0),
(3768, 0),
(3769, 0),
(3770, 0),
(3771, 0),
(3772, 0),
(3773, 0),
(3774, 0),
(3775, 0),
(3776, 0),
(3777, 0),
(3778, 0),
(3779, 0),
(3780, 0),
(3781, 0),
(3782, 0),
(3783, 0),
(3784, 0),
(3785, 0),
(3786, 0),
(3787, 0),
(3788, 0),
(3789, 0),
(3790, 0),
(3791, 0),
(3792, 0),
(3793, 0),
(3794, 0),
(3795, 0),
(3796, 0),
(3797, 0),
(3798, 0),
(3799, 0),
(3800, 0),
(3801, 0),
(3802, 0),
(3803, 0),
(3804, 0),
(3805, 0),
(3806, 0),
(3807, 0),
(3808, 0),
(3809, 0),
(3810, 0),
(3811, 0),
(3812, 0),
(3813, 0),
(3814, 0),
(3815, 0),
(3816, 0),
(3817, 0),
(3818, 0),
(3819, 0),
(3820, 0),
(3821, 0),
(3822, 0),
(3823, 0),
(3824, 0),
(3825, 0),
(3826, 0),
(3827, 0),
(3828, 0),
(3829, 0),
(3830, 0),
(3831, 0),
(3832, 0),
(3833, 0),
(3834, 0),
(3835, 0),
(3836, 0),
(3837, 0),
(3838, 0),
(3839, 0),
(3840, 0),
(3841, 0),
(3842, 0),
(3843, 0),
(3844, 0),
(3845, 0),
(3846, 0),
(3847, 0),
(3848, 0),
(3849, 0),
(3850, 0),
(3851, 0),
(3852, 0),
(3853, 0),
(3854, 0),
(3855, 0),
(3856, 0),
(3857, 0),
(3858, 0),
(3859, 0),
(3860, 0),
(3861, 0),
(3862, 0),
(3863, 0),
(3864, 0),
(3865, 0),
(3866, 0),
(3867, 0),
(3868, 0),
(3869, 0),
(3870, 0),
(3871, 0),
(3872, 0),
(3873, 0),
(3874, 0),
(3875, 0),
(3876, 0),
(3877, 0),
(3878, 0),
(3879, 0),
(3880, 0),
(3881, 0),
(3882, 0),
(3883, 0),
(3884, 0),
(3885, 0),
(3886, 0),
(3887, 0),
(3888, 0),
(3889, 0),
(3890, 0),
(3891, 0),
(3892, 0),
(3893, 0),
(3894, 0),
(3895, 0),
(3896, 0),
(3897, 0),
(3898, 0),
(3899, 0),
(3900, 0),
(3901, 0),
(3902, 0),
(3903, 0),
(3904, 0),
(3905, 0),
(3906, 0),
(3907, 0),
(3908, 0),
(3909, 0),
(3910, 0),
(3911, 0),
(3912, 0),
(3913, 0),
(3914, 0),
(3915, 0),
(3916, 0),
(3917, 0),
(3918, 0),
(3919, 0),
(3920, 0),
(3921, 0),
(3922, 0),
(3923, 0),
(3924, 0),
(3925, 0),
(3926, 0),
(3927, 0),
(3928, 0),
(3929, 0),
(3930, 0),
(3931, 0),
(3932, 0),
(3933, 0),
(3934, 0),
(3935, 0),
(3936, 0),
(3937, 0),
(3938, 0),
(3939, 0),
(3940, 0),
(3941, 0),
(3942, 0),
(3943, 0),
(3944, 0),
(3945, 0),
(3946, 0),
(3947, 0),
(3948, 0),
(3949, 0),
(3950, 0),
(3951, 0),
(3952, 0),
(3953, 0),
(3954, 0),
(3955, 0),
(3956, 0),
(3957, 0),
(3958, 0),
(3959, 0),
(3960, 0),
(3961, 0),
(3962, 0),
(3963, 0),
(3964, 0),
(3965, 0),
(3966, 0),
(3967, 0),
(3968, 0),
(3969, 0),
(3970, 0),
(3971, 0),
(3972, 0),
(3973, 0),
(3974, 0),
(3975, 0),
(3976, 0),
(3977, 0),
(3978, 0),
(3979, 0),
(3980, 0),
(3981, 0),
(3982, 0),
(3983, 0),
(3984, 0),
(3985, 0),
(3986, 0),
(3987, 0),
(3988, 0),
(3989, 0),
(3990, 0),
(3991, 0),
(3992, 0),
(3993, 0),
(3994, 0),
(3995, 0),
(3996, 0),
(3997, 0),
(3998, 0),
(3999, 0),
(4000, 0),
(4001, 0),
(4002, 0),
(4003, 0),
(4004, 0),
(4005, 0),
(4006, 0),
(4007, 0),
(4008, 0),
(4009, 0),
(4010, 0),
(4011, 0),
(4012, 0),
(4013, 0),
(4014, 0),
(4015, 0),
(4016, 0),
(4017, 0),
(4018, 0),
(4019, 0),
(4020, 0),
(4021, 0),
(4022, 0),
(4023, 0),
(4024, 0),
(4025, 0),
(4026, 0),
(4027, 0),
(4028, 0),
(4029, 0),
(4030, 0),
(4031, 0),
(4032, 0),
(4033, 0),
(4034, 0),
(4035, 0),
(4036, 0),
(4037, 0),
(4038, 0),
(4039, 0),
(4040, 0),
(4041, 0),
(4042, 0),
(4043, 0),
(4044, 0),
(4045, 0),
(4046, 0),
(4047, 0),
(4048, 0),
(4049, 0),
(4050, 0),
(4051, 0),
(4052, 0),
(4053, 0),
(4054, 0),
(4055, 0),
(4056, 0),
(4057, 0),
(4058, 0),
(4059, 0),
(4060, 0),
(4061, 0),
(4062, 0),
(4063, 0),
(4064, 0),
(4065, 0),
(4066, 0),
(4067, 0),
(4068, 0),
(4069, 0),
(4070, 0),
(4071, 0),
(4072, 0),
(4073, 0),
(4074, 0),
(4075, 0),
(4076, 0),
(4077, 0),
(4078, 0),
(4079, 0),
(4080, 0),
(4081, 0),
(4082, 0),
(4083, 0),
(4084, 0),
(4085, 0),
(4086, 0),
(4087, 0),
(4088, 0),
(4089, 0),
(4090, 0),
(4091, 0),
(4092, 0),
(4093, 0),
(4094, 0),
(4095, 0),
(4096, 0),
(4097, 0),
(4098, 0),
(4099, 0),
(4100, 0),
(4101, 0),
(4102, 0),
(4103, 0),
(4104, 0),
(4105, 0),
(4106, 0),
(4107, 0),
(4108, 0),
(4109, 0),
(4110, 0),
(4111, 0),
(4112, 0),
(4113, 0),
(4114, 0),
(4115, 0),
(4116, 0),
(4117, 0),
(4118, 0),
(4119, 0),
(4120, 0),
(4121, 0),
(4122, 0),
(4123, 0),
(4124, 0),
(4125, 0),
(4126, 0),
(4127, 0),
(4128, 0),
(4129, 0),
(4130, 0),
(4131, 0),
(4132, 0),
(4133, 0),
(4134, 0),
(4135, 0),
(4136, 0),
(4137, 0),
(4138, 0),
(4139, 0),
(4140, 0),
(4141, 0),
(4142, 0),
(4143, 0),
(4144, 0),
(4145, 0),
(4146, 0),
(4147, 0),
(4148, 0),
(4149, 0),
(4150, 0),
(4151, 0),
(4152, 0),
(4153, 0),
(4154, 0),
(4155, 0),
(4156, 0),
(4157, 0),
(4158, 0),
(4159, 0),
(4160, 0),
(4161, 0),
(4162, 0),
(4163, 0),
(4164, 0),
(4165, 0),
(4166, 0),
(4167, 0),
(4168, 0),
(4169, 0),
(4170, 0),
(4171, 0),
(4172, 0),
(4173, 0),
(4174, 0),
(4175, 0),
(4176, 0),
(4177, 0),
(4178, 0),
(4179, 0),
(4180, 0),
(4181, 0),
(4182, 0),
(4183, 0),
(4184, 0),
(4185, 0),
(4186, 0),
(4187, 0),
(4188, 0),
(4189, 0),
(4190, 0),
(4191, 0),
(4192, 0),
(4193, 0),
(4194, 0),
(4195, 0),
(4196, 0),
(4197, 0),
(4198, 0),
(4199, 0),
(4200, 0),
(4201, 0),
(4202, 0),
(4203, 0),
(4204, 0),
(4205, 0),
(4206, 0),
(4207, 0),
(4208, 0),
(4209, 0),
(4210, 0),
(4211, 0),
(4212, 0),
(4213, 0),
(4214, 0),
(4215, 0),
(4216, 0),
(4217, 0),
(4218, 0),
(4219, 0),
(4220, 0),
(4221, 0),
(4222, 0),
(4223, 0),
(4224, 0),
(4225, 0),
(4226, 0),
(4227, 0),
(4228, 0),
(4229, 0),
(4230, 0),
(4231, 0),
(4232, 0),
(4233, 0),
(4234, 0),
(4235, 0),
(4236, 0),
(4237, 0),
(4238, 0),
(4239, 0),
(4240, 0),
(4241, 0),
(4242, 0),
(4243, 0),
(4244, 0),
(4245, 0),
(4246, 0),
(4247, 0),
(4248, 0),
(4249, 0),
(4250, 0),
(4251, 0),
(4252, 0),
(4253, 0),
(4254, 0),
(4255, 0),
(4256, 0),
(4257, 0),
(4258, 0),
(4259, 0),
(4260, 0),
(4261, 0),
(4262, 0),
(4263, 0),
(4264, 0),
(4265, 0),
(4266, 0),
(4267, 0),
(4268, 0),
(4269, 0),
(4270, 0),
(4271, 0),
(4272, 0),
(4273, 0),
(4274, 0),
(4275, 0),
(4276, 0),
(4277, 0),
(4278, 0),
(4279, 0),
(4280, 0),
(4281, 0),
(4282, 0),
(4283, 0),
(4284, 0),
(4285, 0),
(4286, 0),
(4287, 0),
(4288, 0),
(4289, 0),
(4290, 0),
(4291, 0),
(4292, 0),
(4293, 0),
(4294, 0),
(4295, 0),
(4296, 0),
(4297, 0),
(4298, 0),
(4299, 0),
(4300, 0),
(4301, 0),
(4302, 0),
(4303, 0),
(4304, 0),
(4305, 0),
(4306, 0),
(4307, 0),
(4308, 0),
(4309, 0),
(4310, 0),
(4311, 0),
(4312, 0),
(4313, 0),
(4314, 0),
(4315, 0),
(4316, 0),
(4317, 0),
(4318, 0),
(4319, 0),
(4320, 0),
(4321, 0),
(4322, 0),
(4323, 0),
(4324, 0),
(4325, 0),
(4326, 0),
(4327, 0),
(4328, 0),
(4329, 0),
(4330, 0),
(4331, 0),
(4332, 0),
(4333, 0),
(4334, 0),
(4335, 0),
(4336, 0),
(4337, 0),
(4338, 0),
(4339, 0),
(4340, 0),
(4341, 0),
(4342, 0),
(4343, 0),
(4344, 0),
(4345, 0),
(4346, 0),
(4347, 0),
(4348, 0),
(4349, 0),
(4350, 0),
(4351, 0),
(4352, 0),
(4353, 0),
(4354, 0),
(4355, 0),
(4356, 0),
(4357, 0),
(4358, 0),
(4359, 0),
(4360, 0),
(4361, 0),
(4362, 0),
(4363, 0),
(4364, 0),
(4365, 0),
(4366, 0),
(4367, 0),
(4368, 0),
(4369, 0),
(4370, 0),
(4371, 0),
(4372, 0),
(4373, 0),
(4374, 0),
(4375, 0),
(4376, 0),
(4377, 0),
(4378, 0),
(4379, 0),
(4380, 0),
(4381, 0),
(4382, 0),
(4383, 0),
(4384, 0),
(4385, 0),
(4386, 0),
(4387, 0),
(4388, 0),
(4389, 0),
(4390, 0),
(4391, 0),
(4392, 0),
(4393, 0),
(4394, 0),
(4395, 0),
(4396, 0),
(4397, 0),
(4398, 0),
(4399, 0),
(4400, 0),
(4401, 0),
(4402, 0),
(4403, 0),
(4404, 0),
(4405, 0),
(4406, 0),
(4407, 0),
(4408, 0),
(4409, 0),
(4410, 0),
(4411, 0),
(4412, 0),
(4413, 0),
(4414, 0),
(4415, 0),
(4416, 0),
(4417, 0),
(4418, 0),
(4419, 0),
(4420, 0),
(4421, 0),
(4422, 0),
(4423, 0),
(4424, 0),
(4425, 0),
(4426, 0),
(4427, 0),
(4428, 0),
(4429, 0),
(4430, 0),
(4431, 0),
(4432, 0),
(4433, 0),
(4434, 0),
(4435, 0),
(4436, 0),
(4437, 0),
(4438, 0),
(4439, 0),
(4440, 0),
(4441, 0),
(4442, 0),
(4443, 0),
(4444, 0),
(4445, 0),
(4446, 0),
(4447, 0),
(4448, 0),
(4449, 0),
(4450, 0),
(4451, 0),
(4452, 0),
(4453, 0),
(4454, 0),
(4455, 0),
(4456, 0),
(4457, 0),
(4458, 0),
(4459, 0),
(4460, 0),
(4461, 0),
(4462, 0),
(4463, 0),
(4464, 0),
(4465, 0),
(4466, 0),
(4467, 0),
(4468, 0),
(4469, 0),
(4470, 0),
(4471, 0),
(4472, 0),
(4473, 0),
(4474, 0),
(4475, 0),
(4476, 0),
(4477, 0),
(4478, 0),
(4479, 0),
(4480, 0),
(4481, 0),
(4482, 0),
(4483, 0),
(4484, 0),
(4485, 0),
(4486, 0),
(4487, 0),
(4488, 0),
(4489, 0),
(4490, 0),
(4491, 0),
(4492, 0),
(4493, 0),
(4494, 0),
(4495, 0),
(4496, 0),
(4497, 0),
(4498, 0),
(4499, 0),
(4500, 0),
(4501, 0),
(4502, 0),
(4503, 0),
(4504, 0),
(4505, 0),
(4506, 0),
(4507, 0),
(4508, 0),
(4509, 0),
(4510, 0),
(4511, 0),
(4512, 0),
(4513, 0),
(4514, 0),
(4515, 0),
(4516, 0),
(4517, 0),
(4518, 0),
(4519, 0),
(4520, 0),
(4521, 0),
(4522, 0),
(4523, 0),
(4524, 0),
(4525, 0),
(4526, 0),
(4527, 0),
(4528, 0),
(4529, 0),
(4530, 0),
(4531, 0),
(4532, 0),
(4533, 0),
(4534, 0),
(4535, 0),
(4536, 0),
(4537, 0),
(4538, 0),
(4539, 0),
(4540, 0),
(4541, 0),
(4542, 0),
(4543, 0),
(4544, 0),
(4545, 0),
(4546, 0),
(4547, 0),
(4548, 0),
(4549, 0),
(4550, 0),
(4551, 0),
(4552, 0),
(4553, 0),
(4554, 0),
(4555, 0),
(4556, 0),
(4557, 0),
(4558, 0),
(4559, 0),
(4560, 0),
(4561, 0),
(4562, 0),
(4563, 0),
(4564, 0),
(4565, 0),
(4566, 0),
(4567, 0),
(4568, 0),
(4569, 0),
(4570, 0),
(4571, 0),
(4572, 0),
(4573, 0),
(4574, 0),
(4575, 0),
(4576, 0),
(4577, 0),
(4578, 0),
(4579, 0),
(4580, 0),
(4581, 0),
(4582, 0),
(4583, 0),
(4584, 0),
(4585, 0),
(4586, 0),
(4587, 0),
(4588, 0),
(4589, 0),
(4590, 0),
(4591, 0),
(4592, 0),
(4593, 0),
(4594, 0),
(4595, 0),
(4596, 0),
(4597, 0),
(4598, 0),
(4599, 0),
(4600, 0),
(4601, 0),
(4602, 0),
(4603, 0),
(4604, 0),
(4605, 0),
(4606, 0),
(4607, 0),
(4608, 0),
(4609, 0),
(4610, 0),
(4611, 0),
(4612, 0),
(4613, 0),
(4614, 0),
(4615, 0),
(4616, 0),
(4617, 0),
(4618, 0),
(4619, 0),
(4620, 0),
(4621, 0),
(4622, 0),
(4623, 0),
(4624, 0),
(4625, 0),
(4626, 0),
(4627, 0),
(4628, 0),
(4629, 0),
(4630, 0),
(4631, 0),
(4632, 0),
(4633, 0),
(4634, 0),
(4635, 0),
(4636, 0),
(4637, 0),
(4638, 0),
(4639, 0),
(4640, 0),
(4641, 0),
(4642, 0),
(4643, 0),
(4644, 0),
(4645, 0),
(4646, 0),
(4647, 0),
(4648, 0),
(4649, 0),
(4650, 0),
(4651, 0),
(4652, 0),
(4653, 0),
(4654, 0),
(4655, 0),
(4656, 0),
(4657, 0),
(4658, 0),
(4659, 0),
(4660, 0),
(4661, 0),
(4662, 0),
(4663, 0),
(4664, 0),
(4665, 0),
(4666, 0),
(4667, 0),
(4668, 0),
(4669, 0),
(4670, 0),
(4671, 0),
(4672, 0),
(4673, 0),
(4674, 0),
(4675, 0),
(4676, 0),
(4677, 0),
(4678, 0),
(4679, 0),
(4680, 0),
(4681, 0),
(4682, 0),
(4683, 0),
(4684, 0),
(4685, 0),
(4686, 0),
(4687, 0),
(4688, 0),
(4689, 0),
(4690, 0),
(4691, 0),
(4692, 0),
(4693, 0),
(4694, 0),
(4695, 0),
(4696, 0),
(4697, 0),
(4698, 0),
(4699, 0),
(4700, 0),
(4701, 0),
(4702, 0),
(4703, 0),
(4704, 0),
(4705, 0),
(4706, 0),
(4707, 0),
(4708, 0),
(4709, 0),
(4710, 0),
(4711, 0),
(4712, 0),
(4713, 0),
(4714, 0),
(4715, 0),
(4716, 0),
(4717, 0),
(4718, 0),
(4719, 0),
(4720, 0),
(4721, 0),
(4722, 0),
(4723, 0),
(4724, 0),
(4725, 0),
(4726, 0),
(4727, 0),
(4728, 0),
(4729, 0),
(4730, 0),
(4731, 0),
(4732, 0),
(4733, 0),
(4734, 0),
(4735, 0),
(4736, 0),
(4737, 0),
(4738, 0),
(4739, 0),
(4740, 0),
(4741, 0),
(4742, 0),
(4743, 0),
(4744, 0),
(4745, 0),
(4746, 0),
(4747, 0),
(4748, 0),
(4749, 0),
(4750, 0),
(4751, 0),
(4752, 0),
(4753, 0),
(4754, 0),
(4755, 0),
(4756, 0),
(4757, 0),
(4758, 0),
(4759, 0),
(4760, 0),
(4761, 0),
(4762, 0),
(4763, 0),
(4764, 0),
(4765, 0),
(4766, 0),
(4767, 0),
(4768, 0),
(4769, 0),
(4770, 0),
(4771, 0),
(4772, 0),
(4773, 0),
(4774, 0),
(4775, 0),
(4776, 0),
(4777, 0),
(4778, 0),
(4779, 0),
(4780, 0),
(4781, 0),
(4782, 0),
(4783, 0),
(4784, 0),
(4785, 0),
(4786, 0),
(4787, 0),
(4788, 0),
(4789, 0),
(4790, 0),
(4791, 0),
(4792, 0),
(4793, 0),
(4794, 0),
(4795, 0),
(4796, 0),
(4797, 0),
(4798, 0),
(4799, 0),
(4800, 0),
(4801, 0),
(4802, 0),
(4803, 0),
(4804, 0),
(4805, 0),
(4806, 0),
(4807, 0),
(4808, 0),
(4809, 0),
(4810, 0),
(4811, 0),
(4812, 0),
(4813, 0),
(4814, 0),
(4815, 0),
(4816, 0),
(4817, 0),
(4818, 0),
(4819, 0),
(4820, 0),
(4821, 0),
(4822, 0),
(4823, 0),
(4824, 0),
(4825, 0),
(4826, 0),
(4827, 0),
(4828, 0),
(4829, 0),
(4830, 0),
(4831, 0),
(4832, 0),
(4833, 0),
(4834, 0),
(4835, 0),
(4836, 0),
(4837, 0),
(4838, 0),
(4839, 0),
(4840, 0),
(4841, 0),
(4842, 0),
(4843, 0),
(4844, 0),
(4845, 0),
(4846, 0),
(4847, 0),
(4848, 0),
(4849, 0),
(4850, 0),
(4851, 0),
(4852, 0),
(4853, 0),
(4854, 0),
(4855, 0),
(4856, 0),
(4857, 0),
(4858, 0),
(4859, 0),
(4860, 0),
(4861, 0),
(4862, 0),
(4863, 0),
(4864, 0),
(4865, 0),
(4866, 0),
(4867, 0),
(4868, 0),
(4869, 0),
(4870, 0),
(4871, 0),
(4872, 0),
(4873, 0),
(4874, 0),
(4875, 0),
(4876, 0),
(4877, 0),
(4878, 0),
(4879, 0),
(4880, 0),
(4881, 0),
(4882, 0),
(4883, 0),
(4884, 0),
(4885, 0),
(4886, 0),
(4887, 0),
(4888, 0),
(4889, 0),
(4890, 0),
(4891, 0),
(4892, 0),
(4893, 0),
(4894, 0),
(4895, 0),
(4896, 0),
(4897, 0),
(4898, 0),
(4899, 0),
(4900, 0),
(4901, 0),
(4902, 0),
(4903, 0),
(4904, 0),
(4905, 0),
(4906, 0),
(4907, 0),
(4908, 0),
(4909, 0),
(4910, 0),
(4911, 0),
(4912, 0),
(4913, 0),
(4914, 0),
(4915, 0),
(4916, 0),
(4917, 0),
(4918, 0),
(4919, 0),
(4920, 0),
(4921, 0),
(4922, 0),
(4923, 0),
(4924, 0),
(4925, 0),
(4926, 0),
(4927, 0),
(4928, 0),
(4929, 0),
(4930, 0),
(4931, 0),
(4932, 0),
(4933, 0),
(4934, 0),
(4935, 0),
(4936, 0),
(4937, 0),
(4938, 0),
(4939, 0),
(4940, 0),
(4941, 0),
(4942, 0),
(4943, 0),
(4944, 0),
(4945, 0),
(4946, 0),
(4947, 0),
(4948, 0),
(4949, 0),
(4950, 0),
(4951, 0),
(4952, 0),
(4953, 0),
(4954, 0),
(4955, 0),
(4956, 0),
(4957, 0),
(4958, 0),
(4959, 0),
(4960, 0),
(4961, 0),
(4962, 0),
(4963, 0),
(4964, 0),
(4965, 0),
(4966, 0),
(4967, 0),
(4968, 0),
(4969, 0),
(4970, 0),
(4971, 0),
(4972, 0),
(4973, 0),
(4974, 0),
(4975, 0),
(4976, 0),
(4977, 0),
(4978, 0),
(4979, 0),
(4980, 0),
(4981, 0),
(4982, 0),
(4983, 0),
(4984, 0),
(4985, 0),
(4986, 0),
(4987, 0),
(4988, 0),
(4989, 0),
(4990, 0),
(4991, 0),
(4992, 0),
(4993, 0),
(4994, 0),
(4995, 0),
(4996, 0),
(4997, 0),
(4998, 0),
(4999, 0),
(5000, 0);

-- --------------------------------------------------------

--
-- Структура таблицы `package_types`
--

CREATE TABLE IF NOT EXISTS `package_types` (
  `id` smallint(6) NOT NULL,
  `name` varchar(50) NOT NULL
) ENGINE=InnoDB AUTO_INCREMENT=8 DEFAULT CHARSET=utf8mb4 COLLATE=utf8mb4_general_ci;

--
-- Дамп данных таблицы `package_types`
--

INSERT INTO `package_types` (`id`, `name`) VALUES
(1, ''),
(2, ' Пластиковый пакет'),
(3, ' Картонная упаковка'),
(4, 'Металлизированная упаковка'),
(5, ' Жестяная упаковка'),
(6, 'Бумажный пакет'),
(7, 'Вакуумная');

-- --------------------------------------------------------

--
-- Структура таблицы `products`
--

CREATE TABLE IF NOT EXISTS `products` (
  `id` int(11) NOT NULL,
  `name` varchar(100) NOT NULL DEFAULT '',
  `brand` tinyint(2) DEFAULT NULL COMMENT '1 Egoiste2 Bushido3 Lavazza4 Jacobs5 Illy6 Kimbo7 Julius Meinl8 Черная карта9 Fresco10 Poetti (ex-PAULIG)11 Jardin12 Carte Noire13 Monarch14 Жокей15 Lebo16 Movenpick17 RIOBA18 Ambassador19 Carraro',
  `country` tinyint(2) DEFAULT 1,
  `available` tinyint(1) DEFAULT 1,
  `category` tinyint(1) DEFAULT 1,
  `weight` tinyint(2) DEFAULT 3,
  `rating` tinyint(3) DEFAULT 99,
  `sale` tinyint(2) DEFAULT 0,
  `price` smallint(6) DEFAULT 0,
  `url_name` varchar(100) DEFAULT NULL,
  `blend` tinyint(2) NOT NULL DEFAULT 1,
  `roasting` tinyint(2) NOT NULL,
  `priority` tinyint(2) NOT NULL,
  `package_type` tinyint(1) DEFAULT 1,
  `storage_life` varchar(30) DEFAULT '',
  `gabarites` varchar(30) DEFAULT '',
  `energy_value` smallint(3) DEFAULT 0,
  `additional_tastes` varchar(50) DEFAULT '',
  `flavor_shade` varchar(70) DEFAULT NULL,
  `storage_temperature` varchar(30) DEFAULT '',
  `proteins` float DEFAULT 0,
  `fats` float DEFAULT 0,
  `carbs` float DEFAULT 0,
  `coffein` tinyint(1) NOT NULL DEFAULT 1,
  `chat_tastes` int(11) NOT NULL
) ENGINE=InnoDB AUTO_INCREMENT=92 DEFAULT CHARSET=utf8mb4 COLLATE=utf8mb4_unicode_ci;

--
-- Дамп данных таблицы `products`
--

INSERT INTO `products` (`id`, `name`, `brand`, `country`, `available`, `category`, `weight`, `rating`, `sale`, `price`, `url_name`, `blend`, `roasting`, `priority`, `package_type`, `storage_life`, `gabarites`, `energy_value`, `additional_tastes`, `flavor_shade`, `storage_temperature`, `proteins`, `fats`, `carbs`, `coffein`, `chat_tastes`) VALUES
(1, 'Arabica Premium Noir', 1, 2, 1, 1, 3, 91, 0, 1999, 'egoiste-arabica-premium-noir-1kg', 2, 4, 1, 7, '730', '', 331, 'Без добавок', 'Насыщенный; Мягкий', 'Не выше +20', 1.5, 3.6, 0.2, 1, 1),
(2, 'Arabica Premium Noir', 1, 2, 1, 1, 1, 91, 0, 699, 'egoiste-arabica-premium-noir-250g', 2, 4, 5, 2, '730', '9.1/ 21.7/22.4', NULL, 'Без добавок', 'Мягкий', 'От +6 до +20', NULL, NULL, 0.2, 1, 1),
(3, 'Arabica Premium Espresso', 1, 2, 1, 1, 1, 91, 0, 699, 'egoiste-arabica-premium-espresso-250g', 2, 6, 12, 2, '730', '6.5/21.7/22.4', 299, 'Без добавок', '\nНасыщенный', 'Не выше +23', 14, 22.4, 1.5, 1, 1),
(4, 'Arabica Premium Espresso', 1, 2, 1, 1, 3, 91, 0, 2199, 'egoiste-arabica-premium-espresso-1kg', 2, 6, 32, 7, '730', '36.8/15.8/30.6', NULL, 'Апельсиновая цедра; Темный шоколад', 'Натуральный', 'От 0 до +25', NULL, NULL, NULL, 1, 1),
(5, 'Grand Cru', 1, 3, 0, 1, 1, 91, 15, 10000, 'egoiste-grand-cru-250g', 2, 4, 22, 2, '331', '39.8/16.4/27.1', 331, '\nБез добавок', 'Цветочный; Ягодные нотки', 'Не выше +20', 13.9, 14.4, 29.5, 1, 4),
(6, 'Arabica Premium Noir', 1, 2, 1, 2, 2, 91, 20, 10000, 'egoiste-arabica-premium-noir-500g', 2, 4, 3, 2, NULL, '', 92, '\nБез добавок', 'Мягкий; Терпкий', 'Не выше +20', 1.5, 3.6, NULL, 1, 0),
(7, 'Qualita Oro', 3, 4, 1, 1, 3, 90, 0, 2299, 'lavazza-qualita-oro-1kg', 2, 4, 73, 2, '730', '12/16.6/27.4', 331, 'Цветы; Фрукты', 'С кислинкой; Сладкие нотки', 'От 0 до +20', 13.9, 14.4, 0.2, 1, 7),
(8, 'Qualita Oro', 3, 4, 0, 2, 1, 90, 10, 10000, 'lavazza-qualita-oro-250g', 2, 4, 4, 2, '730', '6/8.5/17', 20, 'Цветы; Фрукты', 'С кислинкой; Сладкие нотки', 'От 0 до +20', 0.1, 0.1, 4, 1, 0),
(9, 'Crema e Aroma', 3, 4, 1, 1, 3, 90, 10, 10000, 'lavazza-crema-e-aroma-1kg', 1, 0, 1, 7, '730', '12/16.1/14.4', 331, 'Шоколад', 'Насыщенный; Шоколадный', 'От 0 до +25', 13.9, 14.4, 0.2, 1, 0),
(10, 'Expert Gusto Pieno', 3, 4, 0, 1, 3, 90, 10, 10000, 'lavazza-expert-gusto-pieno-1kg', 1, 4, 1, 7, NULL, '15/10/24', 2, NULL, NULL, 'От 0 до +25', 0.3, NULL, 0.23, 1, 0),
(11, 'Expert Crema-Aroma', 3, 4, 1, 1, 3, 90, 10, 10000, 'lavazza-expert-crema-aroma-1kg', 1, 4, 1, 7, '730', '15/10/24', NULL, 'Без добавок', 'Насыщенный', 'От 0 до +25', 0.3, NULL, 0.23, 1, 0),
(12, 'Rossa', 3, 4, 1, 1, 3, 90, 0, 2799, 'lavazza-rossa-1kg', 1, 4, 28, 7, '728', '12/16.1/25.8', 407, 'Шоколад; Сухофрукты', 'Фруктовый; Шоколадный', 'От 0 до +20', 1.63, NULL, 6.3, 1, 3),
(13, 'Caffe Espresso', 3, 4, 1, 1, 3, 90, 10, 10000, 'lavazza-caffe-espresso-1kg', 2, 5, 1, 7, '730', '12/16.1/25.8', 331, NULL, 'Насыщенный; Фруктовый', 'Не выше +20', 13.9, 14.4, 0.2, 1, 0),
(14, 'Expert Gusto Forte', 3, 4, 1, 1, 3, 90, 10, 10000, 'lavazza-expert-gusto-forte-1kg', 3, 7, 1, 2, '730', '15/10/24', 2, 'Без добавок', 'Крепкий; Насыщенный', 'От 0 до +25', 0.3, NULL, 0.23, 1, 0),
(15, 'Red Katana', 2, 4, 1, 1, 4, 99, 0, 699, 'bushido-red-katana-227g', 2, 5, 12, 7, '720', '39.8/ 23.8/22', 331, 'Без добавок', 'Красные ягоды; Персик; Фундук', 'От 0 до +25', 13.9, 14.4, 0.2, 1, 12),
(16, 'Specialty', 2, 3, 0, 1, 4, 99, 0, 10050, 'bushido-specialty-227g', 1, 0, 1, 1, NULL, '', NULL, NULL, NULL, NULL, NULL, NULL, NULL, 1, 0),
(17, 'Red Katana', 2, 4, 1, 1, 3, 99, 0, 1999, 'bushido-red-katana-1kg', 2, 5, 1, 7, '720', '39.8/16.4/27.1', NULL, 'Без добавок', 'Красные ягоды; Персик; Фундук', 'От +6 до +20', 13.9, 14.4, 0.2, 1, 12),
(18, 'Crema', 4, 1, 0, 1, 3, 72, 10, 10000, 'jacobs-crema-1kg', 1, 0, 1, 1, NULL, '', NULL, NULL, NULL, NULL, NULL, NULL, NULL, 1, 0),
(19, 'Espresso', 4, 1, 1, 1, 3, 72, 0, 1499, 'jacobs-espresso-1kg', 1, 7, 3, 2, '365', '34.9/8.9/ 16', NULL, 'Без добавок', ' Крепкий', 'От +5 до +20', NULL, NULL, NULL, 1, 13),
(20, 'Monarch Классический ', 4, 1, 1, 1, 5, 72, 10, 10000, 'jacobs-monarch-classic-800g', 2, 5, 1, 7, '549', '38/22.6/27.7', 331, 'Без добавок', 'Мягкий; Насыщенный; Цитрусовый', 'От +5 до +25', 13.9, 14.4, 0.2, 1, 0),
(21, 'Barista Crema', 4, 1, 0, 1, 5, 72, 10, 10000, 'jacobs-barista-crema-800g', 1, 0, 1, 1, NULL, '', NULL, NULL, NULL, NULL, NULL, NULL, NULL, 1, 0),
(22, 'Original', 13, 1, 0, 1, 9, 51, 10, 10000, 'monarch-original-230g', 1, 0, 1, 1, NULL, '', NULL, NULL, NULL, NULL, NULL, NULL, NULL, 1, 0),
(23, 'Intenso', 6, 4, 1, 1, 3, 78, 0, 1999, 'kimbo-intenso-1kg', 2, 6, 65, 7, '720', '8/15/25', 296, NULL, 'Натуральный', 'От +6 до +20', NULL, NULL, 0.2, 1, 7),
(24, 'Caffe crema classico light', 6, 4, 1, 1, 3, 78, 0, 1999, 'kimbo-caffe-crema-classico-light-1kg', 1, 4, 1, 7, '720', '8/15/25', 296, 'Без добавок', 'Шоколадный', 'От 0 до +20', 15.3, 7, 4, 1, 0),
(25, 'Aroma Gold Arabica', 6, 4, 1, 1, 3, 78, 0, 1999, 'kimbo-aroma-gold-arabica-1kg', 2, 5, 1, 7, '720', '8/15/25', 332, 'Без добавок', 'Нежный; С кислинкой', 'Не выше +20', 13.9, 14.4, 0.2, 1, 0),
(26, 'Caffe Crema Dolce Medium', 6, 4, 1, 1, 3, 78, 0, 1999, 'kimbo-caffe-crema-dolce-medium-1kg', 1, 5, 1, 7, '720', '8/15/25', 296, NULL, NULL, 'Не выше +25', 15.3, 7, 4, 0, 0),
(27, 'Superior Blend', 6, 4, 1, 1, 3, 78, 0, 1999, 'kimbo-superior-blend-1kg', 1, 3, 1, 7, '720', '8/15/25', 331, NULL, 'Мягкий; Сладкие нотки; Натуральный', 'От +5 до +25', 13.9, 14.4, 0.2, 1, 0),
(28, 'Espresso', 6, 4, 1, 1, 3, 78, 0, 1999, 'kimbo-espresso-1kg', 1, 7, 42, 7, '720', '8/15/25', 296, 'Без добавок', 'Натуральный', 'Не выше +20', 13.9, 14.4, 0.2, 1, 7),
(29, 'Extra Cream', 6, 4, 1, 1, 3, 78, 10, 10000, 'kimbo-extra-cream-1kg', 1, 5, 1, 7, '720', '8/15/25', 331, 'Без добавок', 'Насыщенный; С кислинкой; Натуральный', 'От +5 до +25', 13.9, 14.4, 0.2, 1, 0),
(30, 'Сaffe Crema Premium Collection', 7, 4, 1, 1, 3, 82, 10, 10000, 'julius-meinl-caffe-crema-premium-collection-1kg', 1, 6, 1, 4, '547', '7.5/13/24', NULL, 'Лесной орех', 'Шоколадный; Ореховый', 'От +20 до +25', 0.2, 0.2, 0.3, 1, 0),
(31, 'Espresso Premium Collection', 7, 4, 1, 1, 3, 82, 10, 10000, 'julius-meinl-espresso-premium-collection-1kg', 2, 5, 1, 4, '547', '7.5/13/24', NULL, 'Без добавок', '\nНежный; Сладкие нотки', 'От +20 до +25', 0.2, NULL, 0.3, 1, 0),
(32, 'Юбилейный', 7, 4, 1, 1, 2, 82, 0, 850, 'julius-meinl-jubilee-500g', 1, 0, 24, 1, NULL, '', NULL, NULL, NULL, NULL, NULL, NULL, NULL, 1, 6),
(33, 'Президент', 7, 4, 1, 1, 2, 82, 0, 799, 'julius-meinl-president-500g', 1, 5, 25, 4, '547', '8/10/18', NULL, 'Без добавок', 'Мягкий; С горчинкой; С кислинкой; Сладкие нотки; Сливочный', 'От +20 до +25', 0.2, NULL, 0.3, 1, 6),
(34, 'Caffe Crema Intenso Trend Collection', 7, 4, 1, 1, 3, 82, 10, 10000, 'julius-meinl-caffe-crema-intenso-trend-collection-1kg', 1, 0, 1, 1, NULL, '', NULL, NULL, NULL, NULL, NULL, NULL, NULL, 1, 0),
(35, 'Президент классическая коллекция', 7, 4, 1, 1, 3, 82, 0, 1799, 'julius-meinl-president-classic-collection-1kg', 2, 5, 1, 4, '547', '7.5/13/24', NULL, 'Без добавок', 'Мягкий; С горчинкой', ' От +20 до +25', 0.2, NULL, 0.3, 1, 6),
(36, 'Юбилейный классическая коллекция', 7, 4, 1, 1, 3, 82, 0, 1899, 'julius-meinl-jubilee-classic-collection-1kg', 1, 5, 1, 4, '547', '7.5/13/24', NULL, 'Цветы; Цитрус', 'Насыщенный', 'От +20 до +25', 0.2, NULL, 0.3, 1, 6),
(37, 'Юбилейный', 7, 5, 0, 1, 1, 82, 10, 10000, 'julius-meinl-jubilee-250g', 1, 0, 1, 1, NULL, '', NULL, NULL, NULL, NULL, NULL, NULL, NULL, 1, 0),
(38, 'Президент классическая коллекция', 7, 5, 0, 1, 1, 82, 0, 10000, 'julius-meinl-president-classic-collection-250g', 1, 0, 4, 1, NULL, '', NULL, NULL, NULL, NULL, NULL, NULL, NULL, 1, 12),
(39, 'Trend Collection Espresso Classico', 7, 4, 1, 1, 3, 82, 10, 10000, 'julius-meinl-trend-collection-espresso-classico-1kg', 1, 6, 1, 4, '547', '7.5/13/24', NULL, 'Шоколад. Какао', 'Натуральный', 'От +20 до +25', 0.2, NULL, 0.3, 1, 0),
(40, 'Король Хадрамаут', 7, 4, 0, 1, 1, 82, 10, 10000, 'julius-meinl-king-hadramaut-250g', 1, 0, 1, 1, NULL, '', NULL, NULL, NULL, NULL, NULL, NULL, NULL, 1, 0),
(41, 'без кофеина зерновой', 7, 4, 0, 1, 2, 82, 10, 10000, 'julius-meinl-decaffeinated-beans-500g', 1, 0, 1, 1, NULL, '', NULL, NULL, NULL, NULL, NULL, NULL, NULL, 1, 0),
(42, 'Original', 12, 1, 0, 1, 5, 71, 10, 10000, 'carte-noir-original-800g', 1, 0, 1, 1, NULL, '', NULL, NULL, NULL, NULL, NULL, NULL, NULL, 1, 0),
(43, 'Intense Absolu', 12, 1, 0, 1, 5, 71, 10, 10000, 'carte-noir-intense-absolu-800g', 1, 0, 1, 1, NULL, '', NULL, NULL, NULL, NULL, NULL, NULL, NULL, 1, 0),
(44, 'Crema Delice', 12, 1, 0, 1, 5, 71, 10, 10000, 'carte-noir-crema-delice-800g', 1, 0, 1, 1, NULL, '', NULL, NULL, NULL, NULL, NULL, NULL, NULL, 1, 0),
(45, 'Blend', 9, 1, 1, 1, 3, 75, 0, 1399, 'fresco-blend-1kg', 2, 5, 5, 2, '540', '8.5/16/29.5', NULL, 'Без добавок', 'Мягкий', 'От +6 до +20', NULL, NULL, 0.2, 1, 6),
(46, 'Arabica Solo', 9, 1, 1, 1, 3, 75, 0, 1399, 'fresco-arabica-Solo-1kg', 2, 6, 7, 2, '730', '10/14/29.5', NULL, 'Без добавок', '\nНасыщенный; С кислинкой', 'От 0 до +20', 13.9, NULL, 0.2, 1, 7),
(47, 'Horeca arabica', 9, 1, 0, 1, 3, 75, 10, 10000, 'fresco-horeca-arabica-1kg', 2, 5, 1, 7, '310', ' 8.5/16/29.5', NULL, 'Без добавок', '\nНасыщенный', 'От 0 до +20', 18.8, 0.1, 65.2, 1, 0),
(48, 'Arabica Blend', 9, 1, 0, 1, 10, 75, 10, 10000, 'fresco-arabica-blend-200g', 1, 0, 1, 1, NULL, '', NULL, NULL, NULL, NULL, NULL, NULL, NULL, 1, 0),
(49, 'Daily Arabica', 10, 1, 1, 1, 3, 84, 10, 10000, 'poetti-daily-arabica-1kg', 2, 4, 1, 7, '730', '11.5/19/28', 218, 'Без добавок', 'Натуральный', 'От 0 до +30', 13.9, 2.8, 14.4, 1, 0),
(50, 'Leggenda Original', 10, 1, 1, 1, 3, 84, 0, 1699, 'poetti-leggenda-original-1kg', 2, 4, 21, 7, '730', '11.5/19/28', 218, 'Без добавок', 'С горчинкой; С кислинкой; Шоколадный', 'От 0 до +25', 13.9, 2.8, 14.4, 1, 1),
(51, 'Leggenda Oro', 10, 1, 1, 1, 3, 84, 0, 1699, 'poetti-leggenda-oro-1kg', 2, 4, 12, 7, '545', '11.5/19/28', NULL, 'Без добавок', 'Фруктовый; Цветочный', 'От 0 до +27', 13.9, 2.8, 14.4, 1, 3),
(52, 'Leggenda Original', 10, 1, 0, 1, 1, 84, 10, 10000, 'poetti-leggenda-original-250g', 1, 0, 1, 1, NULL, '', NULL, NULL, NULL, NULL, NULL, NULL, NULL, 1, 0),
(53, 'Leggenda Ruby', 10, 1, 1, 1, 3, 84, 0, 1699, 'poetti-leggenda-ruby-1kg', 1, 6, 1, 7, '218', '11.5/19/28', NULL, 'Без добавок', 'С кислинкой; Ореховый', 'От 0 до +27', 13.9, 2.8, 14.4, 1, 0),
(54, 'Daily Mokka', 10, 1, 0, 1, 3, 84, 10, 10000, 'poetti-daily-mokka-1kg', 1, 0, 1, 1, NULL, '', NULL, NULL, NULL, NULL, NULL, NULL, NULL, 1, 0),
(55, 'Leggenda Espresso', 10, 1, 1, 1, 3, 84, 0, 1699, 'poetti-leggenda-espresso-1kg', 1, 7, 1, 1, NULL, '11.5/19/28', NULL, 'Без добавок', 'Шоколадный; Ореховый', 'От 0 до +27', 13.9, 2.8, 14.4, 1, 0),
(56, 'Daily Classic Crema', 10, 1, 0, 1, 3, 84, 10, 10000, 'poetti-daily-classic-crema-1kg', 1, 0, 1, 1, NULL, '', NULL, NULL, NULL, NULL, NULL, NULL, NULL, 1, 0),
(57, 'средней обжарки', 5, 4, 1, 1, 1, 88, 0, 1599, 'illy-medium-roast-250g', 2, 5, 22, 5, '730', '8.9/9/14.5', NULL, 'Без добавок', 'Мягкий; Сладкие нотки; Фруктовый; Шоколадный', 'Не ниже +5', 13.9, 14.4, 0.2, 1, 1),
(58, 'Brazil arabica selection', 5, 4, 1, 1, 1, 88, 10, 1599, 'illy-brazil-arabica-selection-250g', 2, 5, 1, 5, '730', '9.1/9.1/14.3', NULL, 'Без добавок', '\nС кислинкой', 'От 0 до +20', NULL, NULL, 0.2, 1, 0),
(59, 'Guatemala arabica selection', 5, 4, 1, 1, 1, 88, 10, 1599, 'illy-guatemala-arabica-selection-250g', 2, 5, 1, 5, NULL, '9.1/9.1/14.3', NULL, 'Шоколад; Карамель; Мед', 'Натуральный', 'От 0 до +20', 13.9, 14.4, 0.2, 1, 0),
(60, 'темная обжарка молотый', 5, 4, 0, 2, 1, 88, 10, 1599, 'illy-dark-roast-ground-250g', 2, 0, 1, 5, NULL, '9.1/9.1/14.3', NULL, NULL, NULL, NULL, NULL, NULL, NULL, 1, 0),
(61, 'без кофеина', 5, 4, 1, 1, 1, 88, 10, 10000, 'illy-decaffeinated-250g', 2, 4, 16, 5, '730', '9.1/9.1/14.3', NULL, 'Без добавок', '\nНасыщенный; Натуральный', 'От +5 до +25', NULL, NULL, NULL, 0, 0),
(62, 'Etiopia arabica selection', 5, 4, 1, 1, 1, 88, 10, 1599, 'illy-etiopia-arabica-selection-250g', 2, 5, 1, 5, '730', '9.1/9.1/14.3', NULL, 'Без добавок', 'С кислинкой', 'От 0 до +20', NULL, NULL, 0.2, 1, 0),
(63, 'Intenso темная обжарка', 5, 4, 1, 1, 1, 88, 10, 1599, 'illy-intenso-dark-roast-250g', 2, 5, 1, 5, '730', '9.1/9.1/14.3', NULL, 'Без добавок', 'Насыщенный; С горчинкой; Натуральный', 'Не ниже +5', 13.9, 14.4, 0.2, 1, 0),
(64, 'без кофеина', 5, 4, 0, 2, 3, 88, 10, 10000, 'illy-decaffeinated-1kg', 2, 4, 1, 5, '730', '', NULL, 'Без добавок', '\nНасыщенный; Натуральный', 'От +5 до +25', NULL, NULL, NULL, 1, 0),
(65, 'средней обжарки', 5, 4, 0, 1, 3, 88, 12, 10000, 'illy-medium-roast-1kg', 1, 0, 27, 5, NULL, '', NULL, NULL, NULL, NULL, NULL, NULL, NULL, 1, 1),
(66, 'Extra', 15, 1, 0, 1, 1, 99, 10, 10000, 'lebo-extra-250g', 1, 0, 1, 1, NULL, '', NULL, NULL, NULL, NULL, NULL, NULL, NULL, 1, 0),
(67, 'Classic', 15, 1, 0, 1, 3, 99, 10, 10000, 'lebo-classic-1kg', 1, 0, 1, 1, NULL, '', NULL, NULL, NULL, NULL, NULL, NULL, NULL, 1, 0),
(68, 'Gold', 15, 1, 0, 1, 3, 99, 10, 10000, 'lebo-gold-1kg', 1, 0, 1, 1, NULL, '', NULL, NULL, NULL, NULL, NULL, NULL, NULL, 1, 0),
(69, 'классический', 14, 1, 0, 1, 11, 61, 10, 10000, 'joсkey-classic-900g', 1, 0, 1, 1, NULL, '', NULL, NULL, NULL, NULL, NULL, NULL, NULL, 1, 0),
(70, 'Традиционный', 14, 1, 0, 1, 11, 61, 10, 10000, 'joсkey-traditional-900g', 1, 0, 1, 1, NULL, '', NULL, NULL, NULL, NULL, NULL, NULL, NULL, 1, 0),
(72, 'Bravo Бразилия', 11, 1, 1, 1, 3, 64, 0, 2399, 'jardin-bravo-brasilia-1kg', 1, 0, 66, 1, NULL, '', NULL, NULL, NULL, NULL, NULL, NULL, NULL, 1, 7),
(73, 'Colombia Supremo', 11, 1, 1, 1, 3, 64, 0, 1999, 'jardin-colombia-supremo-1kg', 1, 0, 8, 1, NULL, '', NULL, NULL, NULL, NULL, NULL, NULL, NULL, 1, 7),
(74, 'Dessert Capuccino', 11, 1, 0, 1, 3, 64, 10, 10000, 'jardin-dessert-capuccino-1kg', 1, 0, 1, 1, NULL, '', NULL, NULL, NULL, NULL, NULL, NULL, NULL, 1, 0),
(75, 'Eclair', 11, 1, 0, 1, 3, 64, 10, 10000, 'jardin-eclair-1kg', 1, 0, 1, 1, NULL, '', NULL, NULL, NULL, NULL, NULL, NULL, NULL, 1, 0),
(76, 'Arabica Premium Espresso', 1, 2, 1, 1, 2, 91, 15, 10000, 'egoiste-arabica-premium-espresso-500g', 1, 0, 32, 1, NULL, '', NULL, NULL, NULL, NULL, NULL, NULL, NULL, 1, 0),
(77, 'Grand Cru', 1, 2, 0, 1, 2, 91, 15, 10000, 'egoiste-grand-cru-500g', 1, 0, 4, 1, NULL, '', NULL, NULL, NULL, NULL, NULL, NULL, NULL, 1, 0),
(78, 'Grand Cru', 1, 2, 1, 1, 3, 91, 0, 2299, 'egoiste-grand-cru-1kg', 1, 0, 2, 1, NULL, '', NULL, NULL, NULL, NULL, NULL, NULL, NULL, 1, 0),
(79, 'Truffle', 1, 2, 1, 1, 3, 91, 10, 10000, 'egoiste-truffle-1kg', 1, 0, 2, 1, NULL, '', NULL, NULL, NULL, NULL, NULL, NULL, NULL, 1, 0),
(80, 'Truffle', 1, 2, 1, 1, 2, 91, 10, 10000, 'egoiste-truffle-500g', 1, 0, 2, 1, NULL, '', NULL, NULL, NULL, NULL, NULL, NULL, NULL, 1, 0),
(81, 'Truffle', 1, 2, 1, 1, 1, 91, 10, 10000, 'egoiste-truffle-250g', 1, 0, 2, 1, NULL, '', NULL, NULL, NULL, NULL, NULL, NULL, NULL, 1, 0),
(82, 'Captain', 1, 2, 1, 1, 3, 91, 10, 10000, 'egoiste-captain-1kg', 1, 0, 2, 1, NULL, '', NULL, NULL, NULL, NULL, NULL, NULL, NULL, 1, 0),
(83, 'Voyage', 1, 2, 1, 1, 3, 91, 10, 10000, 'egoiste-voyage-1kg', 1, 0, 2, 1, NULL, '', NULL, NULL, NULL, NULL, NULL, NULL, NULL, 1, 0),
(84, 'Black Katana', 2, 3, 0, 1, 4, 99, 0, 10000, 'bushido-black-katana-227g', 1, 5, 2, 1, NULL, '', NULL, 'Лесной орех; Шоколад', 'Натуральный', 'От +6 до +20', NULL, NULL, NULL, 1, 0),
(85, 'Black Katana', 2, 3, 1, 1, 3, 99, 0, 2399, 'bushido-black-katana-1kg', 2, 5, 1, 2, '720', '39.8/16.4/ 27.1', NULL, 'Лесной орех; Шоколад', 'Натуральный', 'От +6 до +20', NULL, NULL, 0.2, 1, 0),
(86, 'Blue Label', 18, 1, 0, 1, 3, 61, 10, 10000, 'ambassador-blue-label-1kg', 1, 0, 1, 1, NULL, '', NULL, NULL, NULL, NULL, NULL, NULL, NULL, 1, 0),
(87, 'Gold Label', 18, 1, 0, 1, 3, 61, 10, 10000, 'ambassador-gold-label-1kg', 1, 0, 1, 1, NULL, '', NULL, NULL, NULL, NULL, NULL, NULL, NULL, 1, 0),
(88, 'Platinum', 18, 1, 0, 1, 3, 61, 10, 10000, 'ambassador-platinum-1kg', 1, 0, 1, 1, NULL, '', NULL, NULL, NULL, NULL, NULL, NULL, NULL, 1, 0),
(89, 'Primo Mattino', 19, 4, 1, 1, 3, 81, 10, 10000, 'carraro-primo-mattino-1kg', 1, 0, 2, 1, NULL, '', NULL, NULL, NULL, NULL, NULL, NULL, NULL, 1, 0),
(90, 'Espresso', 19, 4, 1, 1, 3, 81, 10, 10000, 'hausbrandt-espresso-1kg', 1, 0, 2, 1, NULL, '', NULL, NULL, NULL, NULL, NULL, NULL, NULL, 1, 0),
(91, 'Academia', 19, 4, 1, 1, 3, 81, 10, 10000, 'hausbrandt-academia-1kg', 1, 0, 7, 1, NULL, '', NULL, NULL, NULL, NULL, NULL, NULL, NULL, 1, 0);

-- --------------------------------------------------------

--
-- Структура таблицы `product_info`
--

CREATE TABLE IF NOT EXISTS `product_info` (
  `id` int(11) NOT NULL,
  `products_id` smallint(6) NOT NULL,
  `products_text` text NOT NULL,
  `products_smalltext` text NOT NULL,
  `images` tinyint(2) NOT NULL DEFAULT 1,
  `meta_keywords` varchar(100) NOT NULL DEFAULT '',
  `meta_description` varchar(255) NOT NULL DEFAULT '',
  `og_url` varchar(100) NOT NULL DEFAULT '',
  `og_title` varchar(150) NOT NULL DEFAULT '',
  `og_description` varchar(255) NOT NULL DEFAULT '',
  `beans_region` varchar(40) NOT NULL,
  `tastes` varchar(40) NOT NULL
) ENGINE=InnoDB AUTO_INCREMENT=28 DEFAULT CHARSET=utf8mb4 COLLATE=utf8mb4_general_ci;

--
-- Дамп данных таблицы `product_info`
--

INSERT INTO `product_info` (`id`, `products_id`, `products_text`, `products_smalltext`, `images`, `meta_keywords`, `meta_description`, `og_url`, `og_title`, `og_description`, `beans_region`, `tastes`) VALUES
(1, 1, 'Кофе в зернах Egoiste Noir Arabica Premium 1кг.\n<br><br>\nКофе премиум-класса, который оценят настоящие ценители кофе.\nВ нем сочетаются равнинная и высокогорная арабика. Средняя степень обжарки зёрен позволяет получить напиток с насыщенным ароматом и глубоким, чуть горьковатым вкусом. Чашечка такого кофе на завтрак придаст вам сил и энергии на весь день.\n<br><br>\nКофейные зёрна надёжно защищены от влаги и воздуха благодаря вакуумной упаковке. Это позволяет сохранить вкус и аромат кофе.', 'Для тех, кто предпочитает стабильно хорошее качество обжарки и насыщенный аромат кофе на кухне. Идеально подходит для американо и каппучино.', 1, '', '', '', '', '', 'Эфиопия, Папуа – Новая Гвинея', 'шоколад, орех, нотки фруктов'),
(2, 2, 'Кофе в зернах Egoiste Noir Arabica Premium 250 г.\n<br><br>\nКофе премиум-класса, который оценят настоящие ценители кофе.\nВ нем сочетаются равнинная и высокогорная арабика. Средняя степень обжарки зёрен позволяет получить напиток с насыщенным ароматом и глубоким, чуть горьковатым вкусом. Чашечка такого кофе на завтрак придаст вам сил и энергии на весь день.\n<br><br>\nКофейные зёрна надёжно защищены от влаги и воздуха благодаря вакуумной упаковке. Это позволяет сохранить вкус и аромат кофе.', 'Для тех, кто предпочитает стабильно хорошее качество обжарки и насыщенный аромат кофе на кухне. Идеально подходит для американо и каппучино.', 5, '', '', '', '', '', '', ''),
(3, 3, 'Кофе в зернах Egoiste Espresso, 250 г.\n<br><br>\nНапиток обладает насыщенным и ярким вкусом. Благодаря деликатной обжарке отборных зёрен, кофе имеет приятный аромат. Его можно пить с различными десертами, а также с салатами, закусками и основными блюдами.\n<br><br>\nПродукт упакован в компактную пачку с интересным дизайном. Готовить кофе просто: нужно перемолоть зёрна в кофемолке. Espresso Egoiste подходит для турки, кофеварки и эспрессо-машины.', 'Для любителей насыщенного крепкого вкуса и бодрящего аромата кофейных зерен. Подходит для эспрессо и хорошо сочетается с молоком.', 1, '', '', '', '', '', '', ''),
(4, 4, 'Espresso Egoiste — зерновой кофе, 1 кг.\n<br><br>\nНапиток обладает насыщенным и ярким вкусом. Благодаря деликатной обжарке отборных зёрен, кофе имеет приятный аромат. Его можно пить с различными десертами, а также с салатами, закусками и основными блюдами.\n<br><br>\nПродукт упакован в компактную пачку с интересным дизайном. Готовить кофе просто: нужно перемолоть зёрна в кофемолке. Espresso Egoiste подходит для турки, кофеварки и эспрессо-машины.', 'Для любителей насыщенного крепкого вкуса и бодрящего аромата кофейных зерен. Подходит для эспрессо и хорошо сочетается с молоком.', 8, '', '', '', '', '', '', ''),
(5, 5, 'Кофе в зернах Egoiste Grand Cru, 250 г.\n<br><br>\n\nУтонченное сочетание превосходной арабики. В его вкусе вы ощутите сладкие ноты сочных лесных ягод, а аромат будет нежным, с тонкими цветочными оттенками.', 'Глубокий бархатистый вкус с цветочными и ягодными нотками для любителей пить кофе без молока и наслаждаться ароматом', 2, '', '', '', '', '', '', ''),
(6, 7, 'Кофе в зернах Lavazza Oro, 1 кг будет идеальным выбором для настоящих ценителей этого освежающего напитка. Этот бленд создан на основе отборных сортов арабики, выращенных на высокогорных склонах Южной и Центральной Америки.\n<br><br>\nТакое гармоничное сочетание обеспечивает сбалансированный сладковатый вкус с легкой кислинкой. Насыщенный и запоминающийся аромат достигается благодаря средней степени обжарки зерен. Кофе сохраняет свои великолепные вкусовые характеристики даже после заваривания в кофемашине или в турке.\n<br><br>\nНачните свой день с хорошего настроения, наслаждаясь бодрящим ароматом и изысканным вкусом этого кофе.', 'Пожалуй, это самый популярный кофе в России. Сбалансированный вкус, аромат и качество кофейных зерен создают неповторимое сочетание, которое так ценят любители', 7, '', '', '', '', '', '', ''),
(7, 12, 'Кофе Lavazza Qualita Rossa 1кг впечатляет своим глубоким, бархатным вкусом, который сопровождается легкой горчинкой и насыщенным, завораживающим ароматом.\n<br><br>\nЭтот кофе можно приготовить различными способами: с использованием кофемашины или кофейного аппарата, гейзерной кофеварки, турки, френч-пресса или даже просто в чашке. Каждая упаковка кофе поставляется в герметичной вакуумной упаковке, которая надёжно защищает его от влаги и посторонних запахов во время хранения и транспортировки.\n<br><br>\nЧтобы обеспечить максимальную сохранность продукта после вскрытия упаковки, рекомендуется перелить его в контейнер с герметичной крышкой.', 'Для любителей умеренно крепкого вкуса в сочетании с ярким бодрящим ароматом', 4, '', '', '', '', '', '', ''),
(8, 15, 'Кофе в зернах Bushido Red Katana 227 г, в котором сочетаются отборные зёрна натуральной арабики с разных континентов, создан по итальянским рецептам с применением немецкой технологии. Уникальная пропорция делает вкус кофе особенным.\n<br><br>\nВсе кофейные зёрна проходят строгий отбор, а к процессу обжарки допускают только те, которые идеальны по форме. Сразу после обжарки, пока аромат и вкус максимально насыщенные, зёрна фасуют.\n<br><br>\nЭтот купаж прекрасно подходит для приготовления капучино и латте.\n<br><br>\nПосле вскрытия упаковки, кофе рекомендуется хранить в герметичной посуде.', 'Для тех, кто любит мягкий, но насыщенный вкус с умеренной горчинкой и прекрасным ароматом', 2, '', '', '', '', '', 'Южная Америка, Африка', ''),
(9, 19, 'Кофе в зернах Jacobs Espresso 1 кг.\n<br><br>\nКрепкий и бодрящий эспрессо поможет вам проснуться и зарядиться энергией на весь день. После заваривания напитка небольшими порциями обязательно образуется густая и стойкая пенка.\n<br><br>\nКофе можно сварить в турке на огне или в кофемашине. Также можно использовать френч-пресс.', 'Для любителей крепкого ароматного кофе с темной обжаркой. Отлично подходит для приготовления в кофемашине', 1, '', '', '', '', '', '', ''),
(10, 23, 'Кофе в зернах Kimbo Intenso 1кг придется по вкусу ценителям ярких и натуральных ароматов. Этот сорт представляет собой уникальный бленд арабики и робусты в пропорции 80% и 20% соответственно.\n<br><br>\nКаждый вид кофейных зерен вносит свой вклад в богатую палитру вкусов. В чашке ощущается изысканная терпкость, легкая, едва уловимая кислинка и приятные оттенки шоколада. Этот бленд разработан экспертами итальянской компании Cafe do Brasil, основанной в 50-х годах прошлого века.\n<br><br>\nБренд Kimbo принадлежит этой компании с 60-х годов и быстро стал популярным. Продукция фирмы известна и востребована в различных уголках мира. Для приготовления этого оригинального кофе с яркими вкусовыми характеристиками используются зерна с лучших плантаций, за которыми внимательно следят сотрудники компании.\n<br><br>\nПосле созревания плодов они проходят обработку, очищение и отправляются на завод в Неаполь для дальнейшей переработки. Там применяются передовые технологии и современное оборудование.', 'Для любителей крепкого ароматного кофе с густой пенкой и нотками шоколада', 1, '', '', '', '', '', '', ''),
(11, 28, 'Кофе в зернах Kimbo Espresso 1кг.\n<br><br>\nЭтот кофе представляет собой уникальное сочетание отборных зерен арабики, собранных с различных континентов и тщательно смешанных в соответствии с итальянскими рецептами и немецкой технологией. Каждое зерно проходит строгий отбор, при этом только самые идеальные по форме допускаются к обжарке.\n<br><br>\nПосле тщательного обжаривания кофейные зерна немедленно фасуются, сохраняя свой первозданный аромат и кремовое послевкусие. Этот купаж идеально подходит для приготовления капучино и латте благодаря своему богатому вкусу и насыщенной текстуре. Для поддержания свежести и аромата после вскрытия упаковки рекомендуется хранить кофе в герметичной емкости.', 'Для любителей настоящей итальянской обжарки. Крепкий, насыщенный и ароматный кофе придется по вкусу большинству любителей', 5, '', '', '', '', '', '', ''),
(12, 32, 'Кофе в зёрнах Julius Meinl Jubilaum (Юбилейный) 500 г — это премиальный бленд с богатой историей. Он был создан в 1962 году к 100-летию со дня рождения Julius Meinl.\n<br><br>\nJubilaum — кофе настоящей венской обжарки. У него мягкий вкус и богатый аромат с цитрусовыми и цветочными оттенками.\n<br><br>\nКофе в зёрнах Jubilaum подходит для автоматических кофемашин. А после помола — для приготовления в турке, джезве, капельной кофеварке или френч-прессе. Также его можно готовить альтернативными способами: в аэропрессе или кемексе.\n<br><br>\nНаслаждайтесь премиальным кофе Jubilaum не только в кофейнях, но и дома.', 'Для любителей мягкого вкуса с легкими ореховыми нотками. Хорошо подходит для приготовления в кофемашине', 4, '', '', '', '', '', '', ''),
(13, 33, 'Кофе в зёрнах Julius Meinl Prasident 500 г — это классический бленд с 40-летней историей.\n<br><br>\nPrasident отличает традиционная венская обжарка зёрен средней степени. У напитка свежий шоколадный аромат и хорошо сбалансированный вкус. В нём нет лишней горечи или кислинки.\n<br><br>\nКофе производят в Италии. В бленде — смесь арабики и робусты.\n<br><br>\nЗерновой кофе Prasident можно использовать для автоматических кофемашин. А после помола — готовить в турке, джезве, капельной кофеварке или френч-прессе. Также его можно заваривать альтернативными способами: в аэропрессе или кемексе.\n<br><br>\nНаслаждайтесь классическим кофе Prasident не только в кофейнях, но и дома.', 'Универсальный выбор для любителей крепкого кофе с мягким насыщенным вкусом.', 3, '', '', '', '', '', '', ''),
(14, 38, 'Классикой нашего ассортимента кофе является бленд, история которого насчитывает 40 лет. Его особенностью является типичная венская (средняя) обжарка зерен, свежий шоколадный аромат и хорошо сбалансированный вкус без излишней горечи и кислоты. Кофе производится в Италии. В состав бленда входят арабика и робуста. Это кофе в зернах с средней степенью обжарки и средним уровнем интенсивности вкуса, сладости и кислотности. Подходит для использования в автоматических кофемашинах, а после помола - для приготовления кофе классическими или альтернативными методами заваривания. Попробуйте кофе в зернах Prasident не только в кафе, но и у себя дома.', '', 6, '', '', '', '', '', '', ''),
(15, 45, 'Кофе в зернах Fresco Blend, 1 кг.\n<br><br>\nНапиток имеет лёгкий, мягкий и приятный вкус. Зёрна упакованы герметично, поэтому кофе остаётся свежим и ароматным.\n<br><br>\nВ нем оптимально сочетаются кислинка, плотность вкуса и заряд бодрости. Напиток отлично бодрит.\n<br><br>\nТакой напиток можно подать с разными сладостями: конфетами, пирожными, мороженым или печеньем. Но и сам по себе напиток очень хорош.', '', 1, '', '', '', '', '', '', ''),
(16, 46, 'Кофе в зернах Fresco Arabica Solo, 1 кг.\n<br><br>\nИзысканное слияние избранных зерен чистой арабики, добываемых с различных уголков земного шара, составляет основу этого кофе. Они собраны в уникальном соотношении, вдохновленном итальянскими рецептами и подкрепленном немецкой технологией.\n<br><br>\nЛишь лучшие зерна проходят строгий отбор, среди них только те, что обладают безупречной формой.После внимательного обжаривания следует немедленная фасовка, чтобы сохранить неповторимый аромат и кремовое послевкусие.\n<br><br>\nЭтот микс идеально подходит для приготовления капучино и латте. Рекомендуется хранить кофе в герметичной таре после вскрытия упаковки, чтобы сохранить его неповторимый вкус.', '', 1, '', '', '', '', '', '', ''),
(17, 50, 'Кофе в зернах Poetti (ex-PAULIG) Leggenda Original, 1 кг.\n<br><br>\n\nЭтот напиток, созданный из зерен со средней степенью обжарки, обладает насыщенными ореховыми нотками и оттенками темных ягод. В его вкусе присутствует приятная шоколадно-ореховая горечь, смягченная легкой кислинкой черной смородины.\n\n<br><br>\nСредняя плотность напитка подчеркивает его богатство, а продолжительное послевкусие делает каждый глоток незабываемым. Этот кофе состоит исключительно из отборных зерен, подвергнутых строгому отбору. \n<br><br>\nПродукт поставляется в герметичной вакуумной упаковке, чтобы сохранить его свежесть и аромат на долгое время.', 'Кофе средней обжарки для любителей мягкого вкуса. Присутствует ненавязчивый оттенок ягод и ореха.', 3, '', '', '', '', '', '', ''),
(18, 51, 'Кофе в зернах Poetti (ex-PAULIG) Leggenda Oro, 1 кг.\n<br><br>\n\nЭто смесь светло обжаренных зерен, представляющая собой нежный букет вкусов с оттенками яблока и цветочно-фруктовым ароматом.\n\n<br><br>\nКофе обладает средней плотностью, окутывая тонким цветочно-цитрусовым ароматом и долгим, приятным послевкусием. В его вкусе раскрывается яркая цитрусовая кислинка, дополненная мягкой ореховой горчинкой.', 'Для любителей не очень крепкого кофе. Средняя обжарка, спокойный мягкий вкус и аромат.', 3, '', '', '', '', '', '', ''),
(19, 57, 'Молотый кофе ILLY среднеобжаренный, 250 г - это сочетание девяти сортов 100% арабики с четырёх континентов, где каждое зёрнышко отбирается вручную. Особенностью Illy является неизменность его вкуса на протяжении вот уже более 80 лет. Этот продукт обладает гармоничным, мягким и обволакивающим вкусом с приятным сладковатым оттенком, тонами фруктов, карамели и шоколада.', 'Итальянская классика для тех кто ценит проверенный яркий вкус, аромат и качество кофейных зерен.', 1, '', '', '', '', '', '', ''),
(20, 65, 'Молотый кофе ILLY среднеобжаренный, 1 кг - это сочетание девяти сортов 100% арабики с четырёх континентов, где каждое зёрнышко отбирается вручную. Особенностью Illy является неизменность его вкуса на протяжении вот уже более 80 лет. Этот продукт обладает гармоничным, мягким и обволакивающим вкусом с приятным сладковатым оттенком, тонами фруктов, карамели и шоколада.', '', 2, '', '', '', '', '', '', ''),
(21, 72, 'Зерновой кофе JARDIN Bravo Brasilia, 1 кг представляет собой удобную упаковку для тех, кто предпочитает пить кофе дома или на работе, а также для приготовления ароматного напитка в кафе или небольшом баре. Бразильская арабика, используемая в данной смеси, была специально отобрана для получения идеального эспрессо с плотной пенкой и приятным сливочно-кремовым послевкусием. Пакет изготовлен из плотного материала, обеспечивающего 100% сохранность качества зерен благодаря вакуумной упаковке.', '', 4, '', '', '', '', '', '', ''),
(22, 73, 'Кофе в зернах JARDIN Colombia Supremo, 1 кг.\n<br><br>\n\nЭто не просто напиток, а истинное наслаждение, которое подарит вам заряд энергии на целый день. Оттенки цветов в этом кофе придают ему неповторимый вкус, а ванильные нотки оставляют приятное послевкусие, которое держится во рту надолго.\n<br><br>\n\nНаиболее полно вкус этого сорта раскрывается при средней степени обжарки зерен и среднем помоле, а для приготовления наилучшего напитка рекомендуется использовать френч-пресс или кофеварку.', '', 4, '', '', '', '', '', '', ''),
(23, 17, 'Кофе в зернах Bushido Red Katana 1кг, в котором сочетаются отборные зёрна натуральной арабики с разных континентов, создан по итальянским рецептам с применением немецкой технологии. Уникальная пропорция делает вкус кофе особенным.\n<br><br>\nВсе кофейные зёрна проходят строгий отбор, а к процессу обжарки допускают только те, которые идеальны по форме. Сразу после обжарки, пока аромат и вкус максимально насыщенные, зёрна фасуют.\n<br><br>\nЭтот купаж прекрасно подходит для приготовления капучино и латте.\n<br><br>\nПосле вскрытия упаковки, кофе рекомендуется хранить в герметичной посуде.', 'Для тех, кто любит мягкий, но насыщенный вкус с умеренной горчинкой и прекрасным ароматом', 2, '', '', '', '', '', 'Южная Америка, Африка', ''),
(24, 84, 'Кофе в зернах Bushido Black Katana 227г.\n<br><br>\nПроизводится по современным технологиям на новом оборудовании. Благодаря щадящей обжарке зёрен, напиток имеет сбалансированный бархатный вкус, глубокое насыщенное послевкусие и немного терпкий аромат, который не выветривается со временем.\n<br><br>\nУпаковка не пропускает влагу, воздух и посторонние запахи кухни.', '', 2, '', '', '', '', '', '', ''),
(25, 85, 'Кофе в зернах Bushido Black Katana 1 кг.\n<br><br>\nПроизводится по современным технологиям на новом оборудовании. Благодаря щадящей обжарке зёрен, напиток имеет сбалансированный бархатный вкус, глубокое насыщенное послевкусие и немного терпкий аромат, который не выветривается со временем.\n<br><br>\nУпаковка не пропускает влагу, воздух и посторонние запахи кухни.', 'Для любителей покрепче. Насыщенный аромат и вкус с очень легкой горчинкой и кислинкой. Сочетается с молоком.', 2, '', '', '', '', '', 'Колумбия, Эфиопия', ''),
(26, 35, 'Кофе в зёрнах Julius Meinl Prasident 1кг — это классический бленд с 40-летней историей.\n<br><br>\nPrasident отличает традиционная венская обжарка зёрен средней степени. У напитка свежий шоколадный аромат и хорошо сбалансированный вкус. В нём нет лишней горечи или кислинки.\n<br><br>\nКофе производят в Италии. В бленде — смесь арабики и робусты.\n<br><br>\nЗерновой кофе Prasident можно использовать для автоматических кофемашин. А после помола — готовить в турке, джезве, капельной кофеварке или френч-прессе. Также его можно заваривать альтернативными способами: в аэропрессе или кемексе.\n<br><br>\nНаслаждайтесь классическим кофе Prasident не только в кофейнях, но и дома.', 'Для любителей мягкого вкуса с легкими ореховыми нотками. Хорошо подходит для приготовления в кофемашине', 4, '', '', '', '', '', '', ''),
(27, 36, 'Кофе в зёрнах Julius Meinl Jubilaum (Юбилейный) 1 кг — это премиальный бленд с богатой историей. Он был создан в 1962 году к 100-летию со дня рождения Julius Meinl.\n<br><br>\nJubilaum — кофе настоящей венской обжарки. У него мягкий вкус и богатый аромат с цитрусовыми и цветочными оттенками.\n<br><br>\nКофе в зёрнах Jubilaum подходит для автоматических кофемашин. А после помола — для приготовления в турке, джезве, капельной кофеварке или френч-прессе. Также его можно готовить альтернативными способами: в аэропрессе или кемексе.\n<br><br>\nНаслаждайтесь премиальным кофе Jubilaum не только в кофейнях, но и дома.', 'Для любителей мягкого вкуса с легкими ореховыми нотками. Хорошо подходит для приготовления в кофемашине', 4, '', '', '', '', '', '', '');

-- --------------------------------------------------------

--
-- Структура таблицы `region`
--

CREATE TABLE IF NOT EXISTS `region` (
  `id` int(11) NOT NULL,
  `value` varchar(30) NOT NULL
) ENGINE=InnoDB AUTO_INCREMENT=3 DEFAULT CHARSET=utf8mb4 COLLATE=utf8mb4_general_ci;

--
-- Дамп данных таблицы `region`
--

INSERT INTO `region` (`id`, `value`) VALUES
(1, 'Эфиопия'),
(2, 'Папуа – Новая Гвинея');

-- --------------------------------------------------------

--
-- Структура таблицы `subscribe_emails`
--

CREATE TABLE IF NOT EXISTS `subscribe_emails` (
  `id` int(11) NOT NULL,
  `email` varchar(150) NOT NULL
) ENGINE=InnoDB AUTO_INCREMENT=7 DEFAULT CHARSET=utf8mb4 COLLATE=utf8mb4_general_ci;

--
-- Дамп данных таблицы `subscribe_emails`
--

INSERT INTO `subscribe_emails` (`id`, `email`) VALUES
(6, '12121212@mail.ru'),
(1, 'rwrwar@mail.ru');

-- --------------------------------------------------------

--
-- Структура таблицы `tastes`
--

CREATE TABLE IF NOT EXISTS `tastes` (
  `id` int(11) NOT NULL,
  `value` varchar(30) NOT NULL
) ENGINE=InnoDB AUTO_INCREMENT=14 DEFAULT CHARSET=utf8mb4 COLLATE=utf8mb4_general_ci;

--
-- Дамп данных таблицы `tastes`
--

INSERT INTO `tastes` (`id`, `value`) VALUES
(1, 'Шоколад'),
(2, 'Орех'),
(3, 'Нотки фруктов'),
(4, 'Цветочный'),
(5, 'Карамель'),
(6, 'Мягкий'),
(7, 'Насыщенный'),
(8, 'Цитрус'),
(9, 'Какао'),
(10, 'Бергамот'),
(11, 'Миндаль'),
(12, 'Фундук'),
(13, 'Крепкий');

-- --------------------------------------------------------

--
-- Структура таблицы `weights`
--

CREATE TABLE IF NOT EXISTS `weights` (
  `id` int(11) NOT NULL,
  `value` varchar(6) NOT NULL DEFAULT '0'
) ENGINE=InnoDB AUTO_INCREMENT=12 DEFAULT CHARSET=utf8mb4 COLLATE=utf8mb4_unicode_ci;

--
-- Дамп данных таблицы `weights`
--

INSERT INTO `weights` (`id`, `value`) VALUES
(3, '1 кг'),
(10, '200 г'),
(4, '227 г'),
(9, '230 г'),
(1, '250 г'),
(2, '500 г'),
(5, '800 г'),
(11, '900 г');

--
-- Индексы сохранённых таблиц
--

--
-- Индексы таблицы `blends`
--
ALTER TABLE `blends`
  ADD PRIMARY KEY (`id`);

--
-- Индексы таблицы `brands`
--
ALTER TABLE `brands`
  ADD PRIMARY KEY (`id`);

--
-- Индексы таблицы `category`
--
ALTER TABLE `category`
  ADD PRIMARY KEY (`id`);

--
-- Индексы таблицы `chat_orders`
--
ALTER TABLE `chat_orders`
  ADD PRIMARY KEY (`id`);

--
-- Индексы таблицы `clients_email_subscribe`
--
ALTER TABLE `clients_email_subscribe`
  ADD PRIMARY KEY (`id`);

--
-- Индексы таблицы `client_contacts_messages`
--
ALTER TABLE `client_contacts_messages`
  ADD PRIMARY KEY (`id`);

--
-- Индексы таблицы `client_orders`
--
ALTER TABLE `client_orders`
  ADD PRIMARY KEY (`id`);

--
-- Индексы таблицы `client_requests`
--
ALTER TABLE `client_requests`
  ADD PRIMARY KEY (`id`);

--
-- Индексы таблицы `countries`
--
ALTER TABLE `countries`
  ADD PRIMARY KEY (`id`);

--
-- Индексы таблицы `goal`
--
ALTER TABLE `goal`
  ADD PRIMARY KEY (`id`);

--
-- Индексы таблицы `package_types`
--
ALTER TABLE `package_types`
  ADD PRIMARY KEY (`id`);

--
-- Индексы таблицы `products`
--
ALTER TABLE `products`
  ADD PRIMARY KEY (`id`);

--
-- Индексы таблицы `product_info`
--
ALTER TABLE `product_info`
  ADD PRIMARY KEY (`id`);

--
-- Индексы таблицы `region`
--
ALTER TABLE `region`
  ADD PRIMARY KEY (`id`);

--
-- Индексы таблицы `subscribe_emails`
--
ALTER TABLE `subscribe_emails`
  ADD PRIMARY KEY (`id`),
  ADD UNIQUE KEY `email` (`email`);

--
-- Индексы таблицы `tastes`
--
ALTER TABLE `tastes`
  ADD PRIMARY KEY (`id`);

--
-- Индексы таблицы `weights`
--
ALTER TABLE `weights`
  ADD PRIMARY KEY (`id`),
  ADD UNIQUE KEY `value` (`value`);

--
-- AUTO_INCREMENT для сохранённых таблиц
--

--
-- AUTO_INCREMENT для таблицы `blends`
--
ALTER TABLE `blends`
  MODIFY `id` int(11) NOT NULL AUTO_INCREMENT,AUTO_INCREMENT=4;
--
-- AUTO_INCREMENT для таблицы `brands`
--
ALTER TABLE `brands`
  MODIFY `id` int(11) NOT NULL AUTO_INCREMENT,AUTO_INCREMENT=23;
--
-- AUTO_INCREMENT для таблицы `category`
--
ALTER TABLE `category`
  MODIFY `id` int(11) NOT NULL AUTO_INCREMENT,AUTO_INCREMENT=3;
--
-- AUTO_INCREMENT для таблицы `chat_orders`
--
ALTER TABLE `chat_orders`
  MODIFY `id` int(11) NOT NULL AUTO_INCREMENT,AUTO_INCREMENT=7;
--
-- AUTO_INCREMENT для таблицы `clients_email_subscribe`
--
ALTER TABLE `clients_email_subscribe`
  MODIFY `id` int(11) NOT NULL AUTO_INCREMENT;
--
-- AUTO_INCREMENT для таблицы `client_contacts_messages`
--
ALTER TABLE `client_contacts_messages`
  MODIFY `id` int(11) NOT NULL AUTO_INCREMENT,AUTO_INCREMENT=14;
--
-- AUTO_INCREMENT для таблицы `client_orders`
--
ALTER TABLE `client_orders`
  MODIFY `id` int(11) NOT NULL AUTO_INCREMENT,AUTO_INCREMENT=21;
--
-- AUTO_INCREMENT для таблицы `client_requests`
--
ALTER TABLE `client_requests`
  MODIFY `id` int(11) NOT NULL AUTO_INCREMENT,AUTO_INCREMENT=18;
--
-- AUTO_INCREMENT для таблицы `countries`
--
ALTER TABLE `countries`
  MODIFY `id` int(11) NOT NULL AUTO_INCREMENT,AUTO_INCREMENT=6;
--
-- AUTO_INCREMENT для таблицы `goal`
--
ALTER TABLE `goal`
  MODIFY `id` int(11) NOT NULL AUTO_INCREMENT,AUTO_INCREMENT=5001;
--
-- AUTO_INCREMENT для таблицы `package_types`
--
ALTER TABLE `package_types`
  MODIFY `id` smallint(6) NOT NULL AUTO_INCREMENT,AUTO_INCREMENT=8;
--
-- AUTO_INCREMENT для таблицы `products`
--
ALTER TABLE `products`
  MODIFY `id` int(11) NOT NULL AUTO_INCREMENT,AUTO_INCREMENT=92;
--
-- AUTO_INCREMENT для таблицы `product_info`
--
ALTER TABLE `product_info`
  MODIFY `id` int(11) NOT NULL AUTO_INCREMENT,AUTO_INCREMENT=28;
--
-- AUTO_INCREMENT для таблицы `region`
--
ALTER TABLE `region`
  MODIFY `id` int(11) NOT NULL AUTO_INCREMENT,AUTO_INCREMENT=3;
--
-- AUTO_INCREMENT для таблицы `subscribe_emails`
--
ALTER TABLE `subscribe_emails`
  MODIFY `id` int(11) NOT NULL AUTO_INCREMENT,AUTO_INCREMENT=7;
--
-- AUTO_INCREMENT для таблицы `tastes`
--
ALTER TABLE `tastes`
  MODIFY `id` int(11) NOT NULL AUTO_INCREMENT,AUTO_INCREMENT=14;
--
-- AUTO_INCREMENT для таблицы `weights`
--
ALTER TABLE `weights`
  MODIFY `id` int(11) NOT NULL AUTO_INCREMENT,AUTO_INCREMENT=12;
/*!40101 SET CHARACTER_SET_CLIENT=@OLD_CHARACTER_SET_CLIENT */;
/*!40101 SET CHARACTER_SET_RESULTS=@OLD_CHARACTER_SET_RESULTS */;
/*!40101 SET COLLATION_CONNECTION=@OLD_COLLATION_CONNECTION */;
